iid,source,ems,score,target
3ABAOCJ4R84DJT3UDQHDUU1OVQ3QMQ,"i had a ok day, then someone messaged me who I feel don't want me know me. They live overseas and I came back from them in January, I'm going over there in July, and when I said, they are having work done on the house and said if it fits they will see me, I understand from that they don't want to know me, as they are the only ones who knew about my problems. They are doing a runner, so when she messaged today, has upset me. She says they miss me, but I don't believe them. They really don't want to know me, and it makes me upset. I've not contacted them, but then feel rude when I didn't. I hate myself, why do I feel for others, it would be easier if I didn't as I wouldn't be here now. I could do the right thing for everyone, including me.",10.  ENTITLEMENT / GRANDIOSITY  (ET),2,False
37VE3DA4YUH4N90U3B4A70YTS43BHQ,"I've never written on a forum such as this before, but I figured I'd give it a shot.      I've been on antidepressants for a couple years now and I am 21 years old.  I was on Lexapro, Zoloft, Welbutrin, and finally Effexor 75mg.  I tapered from 75mg-37.5mg every other day, then just 37.5mg, then 35.7-none every other day.  After tapering off the Effexor for a couple of months, I've finally hit the point where I could completely stop taking the medication last Saturday.  I wasn't nautious at all with the withdrawal, neither did I have ""brain zaps"".  I've mostly had a lot of irritability and headaches (I never have headaches before).      I don't know if this is normal, but I feel severely depressed.  One minute I'm alright, and the next moment I feel like I'm carrying a ton of bricks.  I can't stop crying; I feel like I'm on an emotional rollercoaster with a ton of rough turns and hills. I've constantly got a voice in my head putting me down or telling me that I'm not doing anything right.  Unfortunately, that voice is starting to burrow its way in further.      I'm in the process of finding a new doctor; the one I had when I was discontinuing my medication wasn't very helpful.  I've called their office three times checking in and letting him know how I've been feeling, and all three times I haven't heard back from him.  I'm completely frustrated and feel as though nothing's going to change even if I tell them what's happening.      I really really REALLY don't want to go back on antidepressants; I felt cloudly and slow-minded ever since I've taken them, sort of like I was in a dream state. I just don't want to go back on them and be an absolute zombie who has to constantly clench her head together to remember a simple conversation.      I also struggle with an eating disorder and have gained almost 30 pounds from these medications.  It really has a toll on my self-worth.      I know it's a lot, but I just don't know where else to turn to anymore.   Thank you.",10.  ENTITLEMENT / GRANDIOSITY  (ET),2,False
3R868ACW4SCM5B8ZPJ2V8ITV47CGZ2,"I have had Emetophobia for as long as I can remember. For those who don't know, Emetophobia is the fear of vomit.  Dealing with Emetophobia has been extremely difficult for me. If people say they feel sick I panic and try to get away from them as soon as possible, of course, in a way that isn't obvious.  Telling people I have it can be annoying, most people don't believe that it is an actual phobia and that I'm being silly and It'll eventually stop being a bother. Obviously, It's a real phobia and many people actually have it, and it isn't just a bother. Emetophobia is ruining my life. Usually, when I have a panic attack caused by this fear, I start to shake violently, sweat profusely, start to cry and so on. It's much like any other anxiety attack, so It's a horrible feeling to go through.  does anyone else go through this and know any ways to cope with this fear? It's controlling my life and I'm sick of it. Thank you.",10.  ENTITLEMENT / GRANDIOSITY  (ET),2,False
3PEG1BH7AERVPZ129W77KSELKL7BKU,"Hello everyone,         Just to start this off, i will say this; i am ridiculously depressed and have been since i was about 17 (22 now). I am at a stage where everyday i become so irritable i can never get anything done, i can never get satisfied, and live in a constant backlog of things i think i need to do, Always chasing my tail, but never getting there. I spend most of my time in agony with no idea how to escape the pain, forcing a smile for my co-workers whilst i try to convince myself it will end.   But i wanted for my first post to be something of a positive message; When i'm in the depths of depression (like in this very moment) i feel the most overwhelming loneliness. But after looking through these posts i felt for once not so alone, even though everyone to some degree are probably strangers to each other, There is a sense of community. And as a positive act i just wanted to share love with all of you. Keep up the fight, and i suppose for the future; thank you for being there. I want to start making posts and sharing with you all. And i know this post will probably take up valuable space that could be better used for someone wishing in this very moment to be helped...i had to share this... in the hope that it might make someone feel even slightly less alone... just for a moment. I am a person who avoids doing things at the fear of failure, and i was incredibly wary to post this in the fear of mockery or something? But even in the face of that, i just wanted to share my love... With everyone... Whoever you are. Bless you all.      YOU ARE NOT ALONE.      Cal x",10.  ENTITLEMENT / GRANDIOSITY  (ET),3,False
35O6H0UNLSGYPZEBQ1GIGREGV0LJ52,"Can't handle it anymore, my daughter is full on hard work. Lately she been pushing me over.  My hubby is also hard work. I hate being controlled. I feel like I need to get away from it all.  It's not helping my mental state.  I'm so sick of this.  I want to leave I don't want or need this shit anymore. I'm smoking I can't quit I can't deal with it at all.  It really hurts but I need to get out and change things.  I love my hubby but I'm not in right state to deal with this anymore. Feel like a slave.  When I do get try get time to myself I get made to feel guilty. So feel down right now,  trying to beat the urge to hurt myself. I don't know how much longer I can go on like this",10.  ENTITLEMENT / GRANDIOSITY  (ET),2,False
3H781YYV6TISZL39DWNPMR726VBTEI,"<p>I&#39;m done with family! What does that even mean anyway? Everyone is so two faced! I&#39;m sick of having to try to defend myself! I understand they don&#39;t get it (my illness) but they should get me! They should know me! I&#39;m told I&#39;m selfish, this that and the other and I&#39;m at a loss of how to stick up for myself, what to say, how to make them understand. I&#39;m just sick of it! &#128542;</p>",10.  ENTITLEMENT / GRANDIOSITY  (ET),3,False
3H781YYV6TISZL39DWNPMR726VBET3,<p>Long story cut short.</p><p>I was on floxutine40mg 13yrs  and stopped working. </p><p>Then onto Mirtazapine 30mg up your 45mg  and they didn&#39;t seem to work.</p><p>Then on Sertraline  50mg for 5days but didn&#39;t agree with me. So I called the doctor and she was puzzle but she did say. The doctor who took me off the other medication did you reduce your dose . I said no.  So now I&#39;m back on to Mirtazapine45mg  and being weaned off weekly 30mg down to 15mg then have appointment to see doctor in two wks.  I&#39;m hoping that she going to start me on something that&#39;s going to suit me. I fed up being messed about.  I&#39;m really depressed and off work atm.  I can&#39;t seem to have the smile or get involved with things it seems 100 time harder to bring my self to it.  Things go around in my head over and over again and don&#39;t stop. </p><p>Has anyone else changed med and feeling bad. </p>,10.  ENTITLEMENT / GRANDIOSITY  (ET),2,False
3I4E7AFQ2KZ0A1P1RXYGJ7KUB37TJ3,"<p>I feel hopeless and it&#39;s slowly killing me. I get so angry at tiny things sometimes and some other times I feel so completely empty. I&#39;m not skinny enough I&#39;m not good enough and I&#39;m sick of all this I&#39;m sick of having to wear long sleeves in the summer and people asking me why. Sometimes I feel every emotion mixed with feeling nothing and I cry for hours without knowing why. Everything&#39;s collapsing around me and I feel like it&#39;s never going to get better. I&#39;m always terrified in public I can&#39;t talk to my form without breaking down I&#39;m so self conscious about even the way I breath, I panic so much and I&#39;m sick of faking smiles. I want help. I haven&#39;t told my parents.. they think I&#39;m just a normal child a happy child but I flip out at them and they get mad at me and we argue a lot. I can&#39;t tell my family I really can&#39;t. What do I do?! Someone please help me I need help.</p>",10.  ENTITLEMENT / GRANDIOSITY  (ET),1,False
3TFJJUELSHPJIOPIYQXYVGY9L6LC2G,"<p>I just turned 20 recently &amp; I&#39;ve had severe anxiety since I was 11. It started when I entered the 6th grade &amp; only seemed to get worse. I&#39;m not sure why it began, but it&#39;s a terrible thing to live w/ &amp; I wouldn&#39;t wish it upon anyone. High school was the worst. My panic attacks were out of control (more than usual) &amp; w/ them came depression. I was even suicidal for a period of time since I&#39;m being completely honest here. I went to see many therapists/ counselors &amp; tried many pills. This goes on for a while and I finally found a combination of medicine that seemed to work okay (minus the side effects of nausea etc.) so after graduating HS I decided to quit the pills. I really could better control my anxiety, but now, my 2nd yr. in college, my anxiety has gotten out of hand again. I feel like I have zero control over my life &amp; I hate it. I thought I could get better but to instead find out that I&#39;ve completely regressed is a major source of anger for me. I just want this to go away without having to take medicine for it. I don&#39;t know what to do I just know this can&#39;t be ignored anymore.</p>",10.  ENTITLEMENT / GRANDIOSITY  (ET),2,False
3X55NP42EOGRXVU57VX9YQ28Q30P3I,"Last November, I was involved in a financial scam. I lost more than $25,000. Basically all the money I have. This person was introduced by an acquaintance. I think my acquaintance told this person a lot about me, so he quickly got my trust. Long story short, scammed all my money, I reported to local police, but money is forever lost and I am in debt. Need to pay off a loan to the bank. Basically, all the money I'm earning from my job now, is used to pay it off. Which means, I have no extra money for myself. I haven't been buying my own groceries, my wardrobe is extremely out-of-trend, and I'm back to having trust issues, especially when colleagues ask me to try dating sites to meet a potential husband.  I almost got into an argument with my dad yesterday morning. I was telling him that he shouldn't be going out so much because the air quality in our area is bad (fires burning, and smoke in the air). Then he goes off telling me, that I don't go out at all, for anything, but to work. I stopped myself from responding him, because I know I will just get frustrated and it will turn into some sort of argument. My thought process is, I don't have excess money to spend. So, there's no point in going out. It's not like I don't want to be out and about. But this is something I don't want to bring up again. This experience, was unfortunate, and I'm still angry at myself for being stupid and believing in what I'm being told. I guess I made things worse because I'm also the type of person who has trouble saying ""No"" when being asked to do something. Except this time, I paid a big price and it backfired.  I'm still quite saddened by this, and I can't share it with my family, so the only place I can think of, is here. Things like what my dad has said, triggers me. I was quite depressed during my shift at work, even asked my colleagues not to talk to me much. I actually felt emotional at work yesterday, I almost wanted to have a meltdown. I'm not quite back to normal yet today, I think it'll take a few days to calm my feelings. I'll try to act okay at work though, and just dwell on my own time. Reading over what I have written here now, is making me teary. My career changing goals and wanting to finish my Diploma, now all has to be postponed because I don't have the money for it.  Thank you for reading this far~",10.  ENTITLEMENT / GRANDIOSITY  (ET),2,False
359AP8GAGGKQ4PMO42ETR7FHWM7C7W,"I'm not too sure where to start. I guess by writing this now, I've started. I wake in the early hours of most mornings with what feels like my heart pounding out of my chest. I feel like I cannot cope with everyday stuff and feel like I'm being lumbered with every decision, such as: What are you organizing for Christmas, Easter, birthdays, etc, why dose it have to be up to me always. Feeling very alone, scared, not in control of me, overwhelmed, sad",10.  ENTITLEMENT / GRANDIOSITY  (ET),2,False
3S8APUMBJXJK9D9O8LGA4FMGCPQFBW,"I hate work, my boss is putting pressure on me all the time and don't know what to do, she knows my problems and was starting to be nice, but is going back to her normal self. I think she wants me out, why else what she be like that. I try but nothing is right, or she has to make comments which are not nice. Being there 20 years so I don't know what to do, I don't know if I can do this, But need the job, I like the people I work with but it's just my boss. I can't get signed off unless I tell my parents but I can't at the moment. Don't know what to do and can't see an answer to this.",10.  ENTITLEMENT / GRANDIOSITY  (ET),3,False
3RIHDBQ1NEY0604RU0UJLG9N437HML,"Does anyone else feel like they fake a smile everyday and when asked you're always doing good? I'm tired of it. I wanna be good for real. I'm tired of feeling like I annoy everyone. I always ask if I'm bothering people. I feel like nothing I do is right and someone or something will bring me down. There's no real joy and yet I love watching and making people smile. I feel like everything I have is fading away, my job and relationships I have with people. I don't wanna be in the way or say the wrong thing. I know others have it worse but I'm not sure what to do.",10.  ENTITLEMENT / GRANDIOSITY  (ET),6,True
3I4E7AFQ2KZ0A1P1RXYGJ7KUB37JTT,<p>So.. I feel depressed. My whole life. I&#39;ve never been diagnosed though Im too afraid to go to a therapist cause I don&#39;t want my family to know. I always try to be myself and everyone seems to hate me. They don&#39;t say something but I see it they get mad at me no matter what I say and I don&#39;t know what to do. I don&#39;t know where I belong anymore. My family says I have a sh*tty character my friends always get mad at me no matter what I say. I feel like its all my fault and I&#39;m mean and I don&#39;t deserve to be loved. What am I supposed to do? I feel like if I died they would all be relieved. What should I do? I&#39;m just a bother to everyone. That&#39;s my only crave for help my friends are tired of me being depressed my family would not understand.</p>,10.  ENTITLEMENT / GRANDIOSITY  (ET),5,True
3CZH926SICE8I0OJYVMHEJVAQWUE47,My names Angie and I honestly dont know where to from here. I cannot seem to deal with anything. The amount of stuff weighing me down is unbareable. The more I try. The more i feel like im in quicksand. I am on anti depressants and calming meds... not to mention sleeping tablets otherwise i go through days with no rest... i cant switch my mind off... i have said this before on this page... death of my father and brother... i was recently in another armed robbery they hit me on my head with a hammer... broke my ribs.... I have spoken to therapists... even pastors.... no1 seems to get how i feel... i am single and feel like i cannot carry on...just wishing for it to end....   .....,11. INSUFFICIENT SELF-CONTROL / SELF-DISCIPLINE (IS),2,False
3L60IFZKF3IEEM3G33E6TB1RNH8HHC,"I'm 17 and work 8:30 till 5:00 Monday to Friday then I walk home which takes just over an hour if I go over fields (I do this no matter the weather), my parents also think I should get a part time job... I’m exhausted, all I do when I get home (home being my boyfriends house) is curl up in a ball and cry while he tries to comfort me by telling me things will get better. I hate being at home, all my parents do is complain and have a go at me. I feel completely useless with everything, I'm hopeless at my job, I do everything wrong and have to redo it multiple times , and it's important I need to do it perfectly for clients. At home I feel useless, my parents are always saying that I never do anything, I spend all my time either sleeping or at my boyfriends, I try though, I try so hard and I just get no where. My parents complain I never eat with them, but they eat a lot earlier than me, they eat around half four when I don’t get home till after six, I cook dinner for my siblings whenever I can though. I'm sick of trying whenever I do it's never good enough, I feel like giving up. The only reason I think I’ve been able to cope this long is that I have an amazing supportive boyfriend. I have trouble sleeping and have nightmares most nights, I can't stay awake past 11 and wake up every morning around 5. I’m constantly tired, despite spending all my evenings and weekends in bed. I hardly ever go out now, and if I do its because Cameron has asked me too, but he usually just stays with me at home. My friends suggested I should go to the doctors because she's worried I could depressed and I booked an appointment for later today, but I don’t know if I want to go, I don't want to waste anyone's time. And if I do go, what do I say, what do I do, I’m so nervous even thinking about it is making me sick to the stomach. I could just use some advise, thankyou for taking the time to read this...",11. INSUFFICIENT SELF-CONTROL / SELF-DISCIPLINE (IS),3,False
3LEG2HW4UFNQL09SPSNZ3MJCIJDF2U,"<p>I am 19 years old. I am fat, ugly, and have not done anything great in life up till now. I don&#39;t think I ever will. I don&#39;t articulate very well so please bear with me.</p><p></p><p>My dad has a transferable job and I have lived in 4 cities in the last 4 years and this year will be moving to a new one(but that&#39;s for college). I have had and lost so many friends and experiences. It&#39;s saddening and deeply frustrating to feel quite so lonely all the time.&#160;I also find myself not trying very hard to maintain those lost friendships. It is very hard to establish roots in a new place so many times and I&#39;ve only ever felt more tired and saddened every new place I go. Since I am slightly introverted, it takes me time to open up to a new group of people.</p><p></p><p>I know I seem like a happy person because I joke and laugh with people once I open up enough, but where once it was a natural feeling, I now feel forced and pushed to do it. I spend most of my time alone, quietly and my mind going over a million things a minute over something from the past or some such event.&#160;</p><p></p><p>I don&#39;t know why or when this started but in my early teen years I was always quite outspoken and freely met people and was not bothered by having to move to a new city. Then about 7 years ago I started to feel less of myself, started being unsure of myself, felt underconfident about things I usually wouldn&#39;t, but I always managed to push those feelings aside. I gradually lost my feelings of inferiority and I was a pretty happy person till 3 years ago. I figured every teenager feels those things at some point so it couldn&#39;t have been something especially terrible that I was feeling - something apart from others in my peer group who must&#39;ve hid some of their problems too. I had grown to love that place and the people there after staying there for four long years - after having moved almost yearly before going there. I&#39;d enjoyed living there; I had done pretty great in my studies and I had lovely friends. So I did not relish the idea of leaving; yet it didn&#39;t bother me too greatly at the time. Initially all was well - I had a new friends circle in a new city, my studies were alright. It wasn&#39;t a very good place if I were to pick it apart. But I also was very much in touch with my old friends. Soon enough, I wanted to go back - I would talk to my old friends all the time, choose facebook and whatsapp over studies, sometimes not pay attention in class. Sure enough, I did badly in tests and exams. I felt terrible about it - I have always been a dedicated student, always enjoyed maths and science and yet I had done very badly. I felt very ashamed and tried to put away my distractions. I ended the year well with good grades and was starting to grow to like this new place too. I didn&#39;t have to cut off ties my old friends either completely to manage distractions but had found a balance and was still developing good bonds with the people here. And then my dad got transferred again.</p><p></p><p>I absolutely flipped; I screamed and shouted and revolted at the idea of going to yet another place - that too in the last year of school - when I had finally started to like where I was. I did leave; I was miserable for the first two months. I was quiet and shy and didn&#39;t feel like doing anything. My studies suffered, my focus never got together and even though I managed to mix in somewhat towards the end and had found a kindred spirit, I did not do well in the finals and entrance exams for colleges. Throughout the year, I felt underconfident, I had grown fat and felt ugly, I always felt tired and subdued, and I HATED feeling that knowing I had no business lamenting over things as petty as moving places when I had been blessed with a good upbringing. Yet I was so saddened all the time - and could never find the spirit and fire to compete and achieve something that I KNEW I have always had in me previously. That&#39;s when I started making stupid decisions. So last year I decided I would give another shot at entrance exams and stay home for a year(a drop year) in the yet another new city; I would study hard on my own, I stopped talking to everyone of my friends, absolutely spent the entire year literally alone with no one to talk to but my mother - and there&#39;s only so much I can tell my mother without feeling horrible about being a burden to my parents and being useless all around. I rallied for some time, but then I started feeling extremely suffocated, I could not concentrate, I could not stick my head in my books. I constantly thought about everything that I could&#39;ve done right and it was frustrating and depressing to think that when I had never been one to fret. And what was more pathetic was this awareness that I wasn&#39;t like this earlier when I was young and when it mattered little what I did than now when I had potentially started building my life. I don&#39;t know.. I also felt like I never had fun anymore; that I didn&#39;t how it felt to have fun anymore. I didn&#39;t feel happy doing things that I previously enjoyed. I tried swimming to relax my head and body but I just couldn&#39;t rid the spiralling mire of guilt and unhappiness. I felt so undermined - I constantly, constantly felt that I didn&#39;t have it in me to achieve and do well, something that I never felt before, something I never THOUGHT about feeling before, you know? I don&#39;t know.. the only thing that made me forget this was if I read novels or watched movies or somehow kept my head occupied. Everytime I would sit down to study I would start &#160;feeling terrible about lost opportunities and think about my friends achievements over and over and over again. I tried meditating but couldn&#39;t get any satisfactory result.&#160;It was pathetic; I know if somebody had told me they had this problem to committing to hardwork, I would think it was pathetic and an attempt to escape blame. But I knew all too well feeling low and embarrassed and sad ALL THE TIME. Hence, I read and read and read novels or stupid even fanficton or just do anything to keep my mind occupied. No wonder my studies suffered.&#160;</p><p></p><p>I have not done too great this year. I have not gotten any of the places I wanted. And I feel even worse about myself. I feel I would be much better off away from my parents, after repeatedly being such a disappointment to them, being such an useless person, being so wholly underaccomplished. I don&#39;t think I will ever have anyone I could relate these things to without sounding like a whiny, self-absorbed brat. I know I probably do now too, with my little problems when people everyday fight against so much. But I feel so.. drained, and worn out, and I don&#39;t know what to do anymore to conquer this constant feeling of loneliness and emptiness because I don&#39;t want to feel it and I hate the feeling. It&#39;s not like I haven&#39;t tried reaching out to people. I tried to talk to my mother that maybe my having moved so many places hampered my studies and routines, but I can&#39;t do that without sounding like someone whining about how they couldn&#39;t get any of my favorite colleges and blaming it on their parents. I tried telling that maybe I needed a friend to talk to but they don&#39;t understand why I would need a friend to study with. And I feel worse because *I* had refused to take coaching classes and thereby losing any chance to gain mates I could talk to in the new city. I try to reconnect with my many many circles of old friends, and I have, but frankly it&#39;s depressing to watch them moving on with their lives and enjoying college but still keeping in touch by having reunions. Is that spiteful jealousy on my part? Watching them doing great things and knowing that I won&#39;t ever do that because I am not where they are and how talented they have shown themselves to be? I feel like there&#39;s so much effort I have to put in to sound normal. I feel so undeserving and desparate. I don&#39;t know how to stop feeling this. Just going incognito again? I don&#39;t think so. It cost me everything this time. I understand things more clearly now, I think. I get that I would feel alright once I go to college and have peers around me. I understand that I would do well in the things I want to only when I am happy and content and don&#39;t have a head obsessing over little things from the past. I understand, but I don&#39;t feel good about myself.</p><p></p><p>I am in yet another new city now(since the past month), but I&#39;m going to join a decent college elsewhere pretty soon. I don&#39;t want to start it with a depressed head on my shoulders. Please tell me if I am just being stupid and a brat or it is normal to feel this way for a person like me. Please tell me if what I feel has anything to do with depression.</p>",11. INSUFFICIENT SELF-CONTROL / SELF-DISCIPLINE (IS),3,False
3CVDZS288H0GS4DLZA6JIVXAOOUMFS,The Christmas/new year period has always been particularly hard for me. I always feel like everyone gets on social media and tells everyone how wonderful their year was and how excited they are for the new year and all the great things it has to offer. It’s for this very reason that I’ve been off social media for the past 2.5 years.   For the past 10 years I have struggled with anxiety and have really tried to figure where I fit in in life. But 2019 has by far been the worst year yet. I was sexually assaulted which resulted in pregnancy. I accepted the pregnancy and decided that I would tackle this situation head on. I have always dreamt of becoming a mother and this horrible situation was allowing me this chance. Not long after I discovered I was carrying twins. Again I thought to myself I am truly blessed because even though something terrible and unimaginable had happened this was my silver lining and like was looking up. At 13 weeks I learnt that my babies were not meant to be and I continued to remind myself that I would be ok and things would get better.   For the rest of the year I have continued to fight and try and figure out where I belong. My PTSD is out of control. I get around 3 hours sleep a night if I’m lucky. Everyday life is draining and I’m trying my best to stay a float. A random smell or a image from the past sends me into complete meltdown mode. I just cry all the time. My chest feels like it’s being squished and my skin crawls with a tingling and painful feeling. And once I’m in this state it takes forever to calm back down. How do people cope? How do you stop yourself from getting into this state? 2019 really really kicked my butt. I need 2020 to be my year. I need to still find the good in the world.   Coming up on Jan 17th it will be 12 months since the assault,11. INSUFFICIENT SELF-CONTROL / SELF-DISCIPLINE (IS),2,False
3LG268AV386FJ6QH97IUMC6KIAERE3,"severe depression since two years, cant do anything, cant cook , cant concentrate, cant speak much , cant walk a lot, cant read, just stay in my bed, even if i force me to do something i am exhausted, it is a nightmare, even sitting at the table is too difficult! been on several meds, too many side effects, dont know what to do , doctors dont know either,i eat well, my vitamines are ok ...it is like i am living a severe burn out every day since two years.....someone like me? please, i dont understand.....family doing everything, i cant do anything ...i know i dont ask for a solution , but  am desperate , so intense and so long it cant be....",11. INSUFFICIENT SELF-CONTROL / SELF-DISCIPLINE (IS),2,False
3MZ3TAMYTLNRZBS35Q8L7R4CA3LIR3,"Hi all im in the midst of a major relapse (alcohol) this time.  Usually what happens is I go on a bender and verbally abuse a family member who has wronged me in the past via text. I need to go back into Hospital or at least attend a heap of AA meets Co-Vid 19 has me anxious about doing either so here I am. My BPD behaviour this week has been disgraceful. Tonight I'm craving like mad. I came here hoping I could clear my PTSD/BPD head  and stay sober. None of my family wants anything to do with me at the moment (they've had enough).  Ive booked into tomorrow nights Smart Recovery Online Meet. I just need to take one day at a time ,just need to get through the weekend till I can see my psychologist on Monday. It seems so far away. If I can stay sober my meds will work.I know alcohol is poison to me and I continue to relapse once my emotions get the better of me. Anyways lets see what happens tomorrow.",11. INSUFFICIENT SELF-CONTROL / SELF-DISCIPLINE (IS),6,True
3H5TOKO3D9J45LV4SD3J2V3X9Y646C,"I am going to try and explain the way i feel!   It is only in the last two years that i realised i suffer with depression!    For years i was drinking too much trying to self medicate! 5 years ago i gave up alcohol, yes i felt better but all these feelings of depression came along, and i had to deal with them head on!   I am 52 and have had a lot of things to deal with in life! and  although i am strong dealing with these issues when they have passed i seem to crash!    I have managed to get out of bed today, not doing much but a t least i am up! I just have overwhelming feelings of guilt! Guilty that my husband has to earn all the money! My 21 year old daughter sees this and calls me lazy and why does dad have to earn all the money!!!! She will be going back to uni next week so i know things will improve then! My husband tries to understand depression! but has never suffered with any mental health problems, and doesn't agree with antidepressants! I'm just finding everyday life a struggle at the moment! I am managing to hold down a part time job, luckily my employer is understanding!    If anyone can help with feelings of guilt and how i can overcome them, i would be very grateful!",11. INSUFFICIENT SELF-CONTROL / SELF-DISCIPLINE (IS),6,True
36GJS3V78VQW5W3V7XZ9KO55L9ZJGK,"<p>I just went through a break up after being with my boyfriend of 8 years. we lived together for the last 2 years. He said he does not have feelings for me anymore, we are not compatible and we have grown apart. he said he has been feeling like this for a while but i did not realise and i am still madly in love with him. the thing that hurts the most is that he is talking to anther girl. it is obvious he has moved on but how do i move on. The worst part is that after we broke up, we were still sleeping together for about 5 months and were still spending weekends with each other and going out to dinners. After this i assumed that he was definitely going to ask me to be his girlfriend again. But no he still said he didn&#39;t want to be with me and us sleeping together was just sex and it has been fun hanging out. This hurts so much because its only been him for 8 years. he is the person i have shared most of my first experiences with. he is my first everything. i no longer sleep much at night, i think so much, i haven&#39;t eaten much and keep thinking of suicide. i even cut myself a few times although i haven&#39;t done that in 4 weeks. Even when i am at work i can not concentrate and i&#39;ve been crying almost every day. nothing makes me happy anymore. i think about me and him all the time and i&#39;ve blocked most of my friends o my phone because i dont feel like being around anyone. i dont know how to move past this. i don;t kno what to do.</p>",11. INSUFFICIENT SELF-CONTROL / SELF-DISCIPLINE (IS),7,True
3BFF0DJK8XCT948RER7UB8BH7MKTSJ,"hi all new here i'm a 30 year old married man , in full time demanding work which i love and have a beautiful 3 year old daughter,  however i think i've had depression for two years now , i was prescribed sertraline some time ago but never took it, i still have the tabets and think about taking it all the time as my symtoms arnt improving, i'm just too scared of side effects and worried i'll be become addicted to it, i fear that if i start taking it and start feeling better i'll think i my head ""ah sod it i'm fine' stop taking it and then have some kind of mental breakdown.      my symtoms at the moment include sudden feelings of panic and an intense fear of death i feel like i'm trapped in my body and powerless to find a place of safety.      i have a great fear of illnesses and a deep loving feeling for my family which comes with a horrible sence that i will one day lose them. I have horrible introusive thoughts and spend 90% of the day reasuring myself in my head that i'm not ill or dying, this leaves me with a low mood most days which is worse on dark cloudy days that it is on sunny days.         i struggle looking people in the eye and find it impossible to hold a conversation without stuttering my words, blushing and looking away. i just come across as rude but in my head i just want to be friends with everyone but cant.        i cope my keeping constanlty busy as this deters my mind, but t dosent make the feelings go away, i also workout alot which helps at the time but as soon as i stop it returns , i struggle sleeping at night and cant sit still or concertate on tv.      i'm found this site by googling stuff, can anyone here relate to what i'm going through and if so would you recomend sertraline      thank you",11. INSUFFICIENT SELF-CONTROL / SELF-DISCIPLINE (IS),5,True
3D5G8J4N5A491WPV8MCZMVVO6QETVO,I've struggled for depression for years and always managed to get through it. However in the past yesr my life has taken the turn for the worst. Firstly my father was diagnosed with depression & shortly after I was made redundant. This cycle continued and I have since been made redundant in the following 3 jobs I have had. I have completely given up after forcing myself to get up & carry on. All my strength and self esteem has been swapped for depression and anger. My girlfriend has gotten the brunt of it all. In a way I almost emotionally abuse her. I flip out at the smallest of things such as if she doesn't reply to a text message. I constantly end our relationship. Tell her she doesn't support me doesn't understand or care about anyone but herself. She is the most caring person I have ever been with yet I keep pushing her away and destroying our relationship. Taking out the anger I feel on the world on her. Yesterday she left to stay at a friends as I told her to leave. Now I feel nothing but an increased hate and resentment towards her for leaving knowing how low I feel although I told her to leave.    I don't know what to do any more. Why am I taking this out on her? All I feel inside is pain & all I can think about is self harm (which I have started again) & ending my life.,11. INSUFFICIENT SELF-CONTROL / SELF-DISCIPLINE (IS),7,True
37YYO3NWHDQWG6HKVJM47T7VXXYCCP,"<p>Feeling like I&#39;ve let my self down in ways, training to be strong miltary trained, hmm by now you&#39;d think you could let this go I&#39;ve said it before should be a skill we master </p><p>It&#39;s irrelevant the conversation I&#39;m referring to the person too. </p><p>Sometimes I think the cause we use is the reason we get to excuse ourselves happy to win no matter the cost.</p><p>We should stop and not lose sight of why people are here shouldn&#39;t matter whom is right or wrong is it not all just word play holding a person accountable for maybe not choosing the correct words </p><p>I feel bad today for trying to justify my actions that posinaly pushed someone away from help and the site lost touch with what mattered the most and became indulged in a point scoring contest on words and the use of them failing to realise there&#39;s a person at the other end of the screen reading digesting the information the person in question resulted into changing their name and I failed to notice that is something I&#39;ll never forget they asked for me to leave it maybe the embarrassment I put on them on technicalities was to much to bare the public humiliation a step to far </p><p>Now I fear the person has left the site and I myself pushed them further away from the help they needed </p><p>What can I say I feel empty I feel disgusted In myself how did the plea to stop slip past an otherwise hypo-vidgalant person in becoming to the aid of someone else I became the bully of another </p><p>For what purpose I feel no better sometimes we have to learn to walk away is the biggest and best thing to do so disappointed it lost its meaning and became a need to prove a point and someone else suffered for it at my hand that&#39;s not what I&#39;m about at all </p>",11. INSUFFICIENT SELF-CONTROL / SELF-DISCIPLINE (IS),6,True
38EHZ67RIMSM649GAUC10GXMP3UGML,"*A bit graphic and might not suit everyone's reading*.      I've suffered and battled depression for 11 years officially but I think I've had depression much longer!  My problem is, it's really affecting my marriage.  I have a major problem with intimacy and am scared that my husband will find someone else.  He works away so has ample opportunity to have 'another life'.  I feel so much weight on my shoulders to be the wife I should be but I just can't.  I'm sure my medication plays a huge part in this as well as my past.  I witnessed a lot of sexual activity as a young child (5 years and upwards) from my parents who were extremely active and very selfish.  I came across pornographic photos of my parents in various sexual scenes on my bed, on my sisters bed, in our living room, kitchen table etc, with VERY graphic images.  I live in Spain no don't have a very good support system here, the health service is difficult with the language barrier and I feel that as long as they are dishing out the tablets they feel their work is done.  Does anyone have any advice for me on how I can deal with this?  Thanks in advance x",8.  ENMESHMENT  /  UNDEVELOPED SELF   (EM),3,False
3FCO4VKOZ4D51N620TKOHVFKHYKE7R,"<p>I&#39;m in college and sometimes I feel like I have no friends. Some days when I don&#39;t have class I&#39;&#39;ll just sit in my room on the computer. I eat a lot of meals by myself. I do have friends. I am on a sports team and friends with a lot of people on the team, I am just not close with any of them really. I don&#39;t have a really close group of friends or a best friend. I never really have and I don&#39;t understand why. Does anyone else feel like this?</p><p></p><p>I don&#39;t get how to get close to someone. I feel like everybody has close friends already and it&#39;s hard to get close to anyone new. How do you even make a best friend? Or get in a squad? In general there are some people that I meet that I wouldn&#39;t want to be friends with, but even people I really hit it off with seem to already have close friends and I&#39;m afraid to try and make plans with them too often because I feel like I am bothering them. It didn&#39;t bother me as much in high school because I would see my friends all day at school, but now I don&#39;t have classes with a lot of my friends and I&#39;m afraid that they&#39;re too busy to make plans with me. Especially in the off season when I have more free time and don&#39;t see my team everyday. Sometimes I just feel so low and depressed, which makes it harder to leave my room. It just feels like I&#39;m spiraling.</p>",8.  ENMESHMENT  /  UNDEVELOPED SELF   (EM),3,False
3T5ZXGO9DEODI02DSF772WXXAULQZ7,"I am a designer / improver type personality. I think in the past 5 years my ability to resolve things is significantly diminished, and I don't think its my age (47).      I used to have a problem designing something, then after a while, find a fix, then that fix would fix something else as well etc.      Now. I find that I'm continuously going from one trial solution to another without resolving anything as neither of the solutions actually fix the problem.      If feels like I'm abandoned. ie that whatever you want to call       'inspiration' (aah! what if you do this in green instead of blue?) has been replaced by the design equivalent of writers block (blank, or a lot of lines on a bit of paper; next day is a lot of lines on another bit of paper and nothing makes sense)       Positiveness (a fix will be there) has been replaced by negativity (this will never be fixed)       and encouragement (good onyer for trying) from others to discouragement (why are you wasting time on this?).",8.  ENMESHMENT  /  UNDEVELOPED SELF   (EM),3,False
3MQY1YVHS3K08JXCKQ13KWSR3LLB28,"Few days back i had a complete breakdown and i spent the night sitting in the emergency waiting room just completely fed up with myself trying to compose myself. I just sat there and every hour a different nurse would ask me if i was okay and i wanted so badly to just cry but nothing came out but ""i'm fine"" or when i was asked why i was there a ""i'm waiting on somebody."" It was the first time i'd ever been to a hospital and everything was happening so fast i didn't know what to do. My mom had been phoning me and blowing up my phone trying to figure out where i'd been since before dinner and i just couldnt bring myself to tell her that i wanted to kill myself. On top of that work was calling me trying to figure out why i never showed up for work and i still haven't called them back, and to be quite frank i don't know what to say to them, without seemingly like i was just trying to blow off work. I've already been written up before for not showing up and i'm afraid that i just lost my job.      Instead of doing anything about it i spent the last two days feeling ignoring what had just happened and i actually felt good. I was smilling and i went a saw a lot of my friends i havent seen in months and brought them coffee at work and made a bunch of plans for next week, that now i really have no interest in following through. Even finally set up a meeting with a therapist.      Today, i went and saw my bestfriend who knows the most about my depression after avoiding confrontation with him. But this time was different, usually when i go to see him it's to feel better because he just knows what to say and i never leave feeling worse than i came. But today i felt nothing, absolutely no connection, i didn't even feel like i was talking to a friend. I told him that everything with me was great and i tried making conversation but it just was not there.       The weirdest part is that right now i don't feel angry, sad, tired.. I'm just sort of here thinking about what this last week was like and how i got to this point without being able to being able to stop and evaluate what i was doing. I'm at a point where i starting to question if there's even really a point of trying to get help when i keep going through these cycles where i get help, feel like crap, breakdown, tell everybody i'm doing a lot better, and feel like i'm hopeless because i'm not okay.      I feel bad because ever since i joined this forum in attempt to get some advice all i've been doing is complaining about poor me, when i know they're people who have it so much worse than me. People who actually have a reason or explaination to why they feel the way they are. People who read what i post and think i'm just some person who's looking for attention. I'll admit that sometimes i am looking for attention and somebody to say something but it's coming from a genuine place because i don't know what the hell i'm doing or why i'm even doing it. It's extremely frustrating when i wake up and i don't know who i am or what i want. Everybody around me has SOMETHING going for them, they have goals, relationships, etc. that they want and i don't have any or want any of that and it really begs the question why i'm living anymore? I don't want to live for anything. I don't want to grow to have a family. I don't have a desire to work because there's nothing i want. But i don't want to hurt people and have them think that they could of done more when i genuinely beleive i'm screwed and it's the only thing left for me.      Really what good does me writting this do me? or any of you that'll waste your time reading this garbage. I genuinely feel bad for everybody who has to deal with me, i'm more than a mess. I'm a self made mess that i'm imposing on everybody else. It's pathetic. I'm sorry.",8.  ENMESHMENT  /  UNDEVELOPED SELF   (EM),5,True
3TD33TP5DL2PDMSGX5UIQEBPF9DBAF,"<p>Hello. I am 16 and I&#39;m kind of done with life. I want to leave my home but if I do I&#39;ll probably just die so I&#39;m just like why not now? I&#39;ve lost hope in almost everything and today I was thinking about dying but I don&#39;t think I have the courage. Lately I&#39;ve been crying every day but I can&#39;t let anyone hear me especially my parents because they&#39;ll just think I&#39;m faking it. There are times when I can cry in front of them but I never truly feel better because I can&#39;t be upset because of them. Only things that aren&#39;t their fault. So what&#39;s the point in talking if it won&#39;t change anything. I cry so they won&#39;t hear me or see me.</p><p></p><p>I feel horrible. I hate myself. I don&#39;t do anything but study and I can&#39;t make people smile. I want all of these things that I don&#39;t have and I desperately want to leave this house even though I should be grateful because there are people in the world who are worse off then me. But sometimes I think I would rather have parents who beat me and I can yell at them or who neglect me than the parents I have now. I&#39;m just tired. They say that they are stressed and I have no idea and I just want to jump out the window. Like I&#39;m not stressed. I really just want to be done. I don&#39;t want to worry about anyone or anything anymore.</p><p></p><p>I really do try hard to be good. I am number 2 in my school. I don&#39;t yell and scream and slam doors. I make cards every time a holiday rolls around. I tell them I love them. It doesn&#39;t matter because I&#39;m messy, and I&#39;m slow, and I pull out my hair, and I pull away when she pops my pimples. Because I don&#39;t move around much, because I wake up with bruises on my chin.</p><p></p><p>I am just done. My mom and my stepdad really are perfect for each other. I lost hope in them caring and if they ever find this then oh well. I&#39;ll pray for god to kill me if I can&#39;t do it. I know they will make me out to be the horrible one and they will be the victims. That always do. If they read what I just wrote they will it seem like I made them look like villains. I can&#39;t ever be the victim with them because they are adults and have suffered so much already and I don&#39;t know suffering.&#160;</p><p></p><p>I&#39;ve hinted to my sisters but they think I&#39;m joking. It&#39;s not a joke. I might just die because I don&#39;t think I can keep hanging on for 2 more years and all this might not end after that. I can&#39;t stand this house.</p><p></p><p>Can someone please just help me. Can you pray for me. I just need something or else I feel like I&#39;ll die.&#160;</p>",8.  ENMESHMENT  /  UNDEVELOPED SELF   (EM),6,True
3SX4X51T8099WGHP1AZ4WYBOM8WOAW,"Hello everyone, I feel like my baggage is too heavy to carry into a relationship, but i am lonely and I don't want to feel lonely forever.  I have a history of sexual trauma and domestic violence. I have anxiety PTSD and episodes of depression.  I had avoided anything that remotely like a relationship for nearly 6 years until the start of last year, I was as open as I could be about my history and trauma, but i don't think i went about any of this in the ""right"" way. I feel at times I dumped it on him. I also feel at times that rather than expressing my needs I focused of trying to ""prove"" to him and reassure him that I was okay when I wasn't. Because I didn't want him to feel he was walking on glass. But my trauma would come out in other ways. And I learnt alot of things about myself that i really don't like. I am not always kind. I had feelings for this man that were greater than any feelings I had ever ever had. And I think that it somehow brought out the worst in me. I don't think he ever ever got to see my best side. I knew I was messed up. But I don't think I knew just how ""broken"" I was untill I really really liked someone. Obviously it didn't work out. And it has left me feeling guilty for having inflicted myself and my garbage onto him.  I would like one day to have a healthy caring relationship one day. But I don't think I can be my best self. I feel like I'm too hard. All the other single people I know of my age group internet date. It seems now days to be the culture that if something gets hard, you go online and find someone else....  I just don't see anything in me that will ever be able to outweigh the challanges. and i am so mad at myself because I have been so independant for so long..... and I was determin to just be content with being single. It took me so much to open up to the possibility of things being any different and now I just feel silly that I ever did. And lonely. I just feel so lonely",8.  ENMESHMENT  /  UNDEVELOPED SELF   (EM),7,True
3S4TINXCC0NEFQMH7OZ0R9VU4QHOBR,"I have depression. I actually take antidepressants. I am 15, and my mom doesn’t understand how bad it is. If I tell her, she may say it’s an excuse to get out of doing homework. I have bad grades, and I have a feeling my relapse and depression has something to do with it. I recently got off the phone with my therapist, and I hope that’ll make a change. But right now, I feel distraught, hopeless, and alone. I know I’m not alone, but that doesn’t necessarily help this feeling.     Also have a sister who is medically fragile.  And I want her to be OK, but it’s just super hard right now dealing with my stuff.    I just want this to be over. It’s just so painful. Depression hurts.",8.  ENMESHMENT  /  UNDEVELOPED SELF   (EM),5,True
3XU80RHWHZGQQYRQ9PA45XJJD7044R,"<p>I&#39;m a teen who&#39;s been struggling with depression for a while now, and I&#39;ve noticed some things over the years that I just don&#39;t understand. Why am I so hypersensitive but only towards my father? It&#39;s like his words are bullets, and whenever he&#39;s in another room and I know he&#39;s talking about me, I eavesdrop knowing full well that it&#39;ll hurt me deeply. And it does. It always does. I know that he doesn&#39;t mean the things he says but they hurt so much. Why?</p>",8.  ENMESHMENT  /  UNDEVELOPED SELF   (EM),6,True
3QO7EE372ONH02ZXM1R4GEQUJRZBQM,"I'm 16 and I'm so unhappy, I have ocd, depression and anxiety, I feel that life is way too long and I am sick to death of feeling suicidal, I told myself that if my depression doesn't go in half a year im going to kill myself, I don't see the point anymore, my life is just going downhill anyway, no ones helping me, even though they try, I know that I'll be happier on the other side, I can't wait till im old so I'll die soon, what did I do to deserve to feel this way? And I know that depression can be genetic, so I freak out about being older and having kids and my kids feeling the way I do now. My mum is my bestfriend, she thinks that I don't want to die anymore, she doesn't worry about me anymore but I'm so close to committing suicide but I just can't be bothered, I really can't explain how I feel, I feel dead inside, I wish I was dead but I don't know how to kill myself, I've been to hospital many times for taking overdoses and I've tried strangling, drowning and cutting myself, but nothing works?! Or maybe im just not trying hard enough:'(",8.  ENMESHMENT  /  UNDEVELOPED SELF   (EM),5,True
3V8JSVE8YYQOG723N2AOU8ZHLXTEYS,"Hi, I’m new here. I’m finding most things outside my home really stressful atm. I struggle daily with the effects of childhood abuse & dealing with family that have stood by my abuser to this day. There are not enough words to describe how bad that has made me feel.  I struggle with my weight, I tend to eat to mask my feelings & to also help me to feel safe. I don’t really talk about my past with anyone, but I am becoming more introverted & anxious as time goes on. I’ve tried counselling but I can no longer afford it. I’d love to be happy, I’m just stuck in a rut & have been for a very long time.",8.  ENMESHMENT  /  UNDEVELOPED SELF   (EM),5,True
3PKJ68EHDNWA5SY6R3HR5OH609CJHJ,"Hi everyone I’m in my early 20s and I have been dating a girl who is 2 years younger then me we have been together for 1 and a half years and she is my first ever girlfriend, we love each other so much but we also do argue a lot most of the time over immature stuff and sometimes bigger stuff but very rairly. We have had a lot of trust issues along the way nothing got to do with cheating mostly hiding things from each other for example I don’t like my partner smoking marijuana but she tends to do a lot more behind my back with her friends that I always end up finding out which then cause big arguements which then sometimes leads into get abit physical from both sides, I’m not gonna sit hear and lie, anyway long story short over how whole relationship we started to notice my anger getting out of control and I feel Like the reason is because she aggravates me and pushes me to get to those stages, I tell her to stop and be quiet multiple times cause I feel like my anger is gonna take over but then she continues till it does take over, now it’s got to the stage where she has told her mother and sister about the abusive relationship we have, her mum has made it clear not to contact her ever again, but because we love each other we still do contact and we want this to work but I need help with my short temper and anger, I just don’t know how to get it? I need someone who has been through this or knows how to help me to guide me through this, I also want to know how I can get back in the good books of her family because they really did love me, and I loved them like my own family. Where can I get help? thanks so much for reading and i really hope someone can help me",8.  ENMESHMENT  /  UNDEVELOPED SELF   (EM),5,True
351S7I5UG9W2FOKHU1C4A8E2MLLJNS,"<p>someone please help me, im just a teen and in need of help with my thoughts and decisions. sometimes i feel like im going crazy thoughts of murdering but no no i am afraid of the devil very religious i just have thoughts. well the problem is, is my step dad. ok first of all it was a my bday and he sent me a really heart warming post on fb but then today he became a b***h. but before that hearts warming post he has been a b***h. i remember elementary and middle i would get hit almost every morning getting yelled at everyday, but ever since i went to 6th i started cutting myself. 7th became more worse that when i actually felt depression rising up i wouldnt talk to anyone wouldnt hang out, always looking at the ground never making eye contact, i wasnt myself i am very social and very clingy. those 2 years he would always hit me, but ever since this librarian saw me not feeling well she asked me are you okay and obviously when everyone asks that 99.9 of people would just start crying. and i was one of those. but the reason why was bc in the morning he pinches my ass very tiny pinches but really hard that the skin sheds and you have what is known a bruise, i remembered i use to have a lot of those. but anyways she called her friend people who take children bc of bitchy ass parents but im my case she saw how i was and had many cases like them. she realized right away that i was the one at fault and how disrespectful i was when she was talking to me, my legs were folded, curled up as a ball to be precise. but my point was i wasnt taken and that ever since that lady came in that b***h stopped pinching me and lessened his hits, but then what came worse... my life is starting to tear apart... about a year now, he&#39;s been controlling my life he&#39;s been restricting it to the point where i have no freedom bc all i do is just stay on my phone and also bc he doesnt trust me. but to here his side of the story to make all my friends turn around and hate me is something else... so i&#39;ll just explain the original story. OK first of all hi im the eldest and and i have 2 siblings. ok so first of all im very disrespectful but like isnt it normal for all kids and 2nd of all i really answer back either bc i defend myself or im just being a knuckle ball, and mostly i do not take answering back as a joke i always try to defend myself, but b***h ass always seems to say if, wow and youre still answering back i will hit you. im sorry that wasnt really accurate its just really hard to translate my language to english. SO the main reason is rn because today,&#160; earlier this morning my mom told him that something about me complaining thats why my mom has another kid meaning she is pregnant but she was on the phone while telling him she was on speaker btw. but anyways i had to fix their clothes thats basically 5&#160; ppl including myself and y&#39;know it will add another just great, and ik it was very offensive bc every child is a gift of god and i admit i am sorry. so he really got mad at me, he started yelling and he threw my comb at me which f*****g hurts, i ended up getting bruise on my finger and it also hit my head. and started spouting some nonsense s**t that im not going to school today and that if i wanted to leave then leave. and when we went to the care he started going on with his big fat mouth of his saying that if i want to go to my real dad he&#39;ll even help me and that when i will have my bday party on the 18th not my actually birth date... he&#39;ll embarrass me and said he&#39;ll tell my friends that i will invite about how im an a*****e and how i to them, and asked you think if i told them about you they&#39;ll still like you ? and i obviously had answer correctly or else... and so i said no. so then all that s**t ended i went home and he was all kind again, went to work cause he had a call and i had to take care of 2 kids below the age of 5 and did some s**t and again i wasnt done with the clothes. but to get straight to the point. ok he has this app which can basically enable my freedom and disable it on my phone its called &#39;&#39;our pact&#39;&#39; and its like living in hell. but anyways there&#39;s a schedule and it opens between six pm and so on, and so i have my insta. my friend from sophomore added me and so i did but before that i posted something its just my piano songs and stuff and he replied damn with that perfect hand sign. and said oh i have more vid and its way better than this one, and he stopped texting me then while my parents were eating me too my phone went on and so did his cause every damn social media account i have is F*****G connected to his phone and so he checked and he got mad and said so this is the reason why you didnt get your work done, ive granted it and youve abused it. and i checked my phone who the hell it was and looked down at my phone for the F*****G first time and saw it was my friend the Sophomore and read what he sent and b***h ass saw me looking down and got so mad he blew and said let go off that phone and give it to me and he threw my phone on THE F*****G floor. my mom saw everything she just doesnt know the F*****G truth and when she came back b***h ass over there told her why tf he got mad, and f*****g lied. causing my mom to not f*****g give a damn s**t about me. okay this what that b***h said, i saw it because its connected to my phone and she asked whyd you get mad cause she was texting while we were eating, so while everyone didnt have their phone she was texting (mom). oh i see ok (mom) and i said to myself wow i just looked to see who tf texted me and what they said i texted him when you werent even here yet. obviously i couldnt say anything coz you already know what might happen. and thats when i just really wanted to die already, i dont really cry when i get hurt cause ive gotten used to the pain but the only time i actually cry is when it is emotionally. like i just started crying when i said to myself that i just wanted my dad.i just want to talk to him.</p><p></p><p>[b]Moderator comment: I have edited this post due to the swearing. These are open forums so as per the T&amp;Cs please do not use offensive language in posts otherwise they may be deleted.[/b]</p>",8.  ENMESHMENT  /  UNDEVELOPED SELF   (EM),6,True
3L1EFR8WWT51LKURA12ED9RQOPNF9M,"<p>I was recently diagnosed with depression and OCD and my dad thinks it’s a joke, he says I should “get a grip” and to get over myself. It’s become harder and harder for me everyday. I can’t afford to see a psychologist but I’m on medication (Prozac). I’m struggling so much. I’m starting to get [b]suicidal[/b] thoughts and I’m getting insecure with my body and wanting to starve myself. Both my parents seem to not care about me, I feel so alone and empty. What should I do?</p>",8.  ENMESHMENT  /  UNDEVELOPED SELF   (EM),6,True
385MDVINFCFS2ITVM23R6RRTFXPWJW,"I have allot of home issues with my mum specifically and have been depressed for maybe two years now. My parents are in denial and ive been extreamly suicidal recently, im scared of myself and what i might do i cant talk to anyone or see anyone for more professional help because im under 18 and my parents wont take me im scared of fading away from everyone and i can feel it happening again. My suicidal thoughts have gotten to the point of asking my siblings to hide things like medication and razzors. Im scared im driving my S.O away I dont know what to do. Can anyone help?",8.  ENMESHMENT  /  UNDEVELOPED SELF   (EM),5,True
3R15W654VDTTDBL9DEGYUHMZVLDQLO,"<p>It is my birthday in 6 days (10th of August). I will be 18 and I am going to London for a few days to see my mum, nana and cousins, so we planned with my other side of the family that we would have a camping weekend at my Aunties house in the countryside a few days before. However they have not been able to cut the grass as the weather has been rubbish so we decided to have my party at my house. By the way I have just got back off holiday so I have jet lag and woke up at 1 pm. So I am stressed because we need to tidy the house, mow the lawn etc. And I don&#39;t have much time, And I have nothing to wear because I got back two days ago and was expecting we would be camping so I only needed casual clothes, now I feel like if I&#39;m celebrating my 18th at my house I need to make an effort. But I &#160;can&#39;t order clothes in one day and I don&#39;t have the motivation to go shopping or tidy up for tomorrow. I know this is a random post but basically I&#39;m just feeling down and I don&#39;t feel any excitement anymore about many things. I don&#39;t feel excited about my birthday, not about buying makeup for it which I usually feel happy about, I&#39;m not even feeling the holiday blues, I&#39;m just sad again. Whilst we were on holiday my dad asked if I would like to celebrate my birthday by having a meal which I didn&#39;t really like the idea of, I&#39;d just prefer us all to have a meal together, so he said he&#39;ll ask me about it again the next day, which he didn&#39;t. Then I felt rubbish and didn&#39;t want to go to the meal, which my dad made me feel bad about because everyone was waiting for me and they had planned it all for me. I need to know if that&#39;s a mean thing to say, because I did tell him I didn&#39;t want to have a meal for my birthday. So we ended up going and I wasn&#39;t really enjoying myself. I went to the bathroom for a while because I couldn&#39;t sit there with my dads girlfriend flirting in front of me, which my dad knows I hate. Then when I came back, my Oreo shake was on the table lol but it had a candle in it so my dad wouldn&#39;t let me eat it so o got annoyed and said I told you I didn&#39;t want a celebration etc. So he gets all angry and says fine just eat it then, so I did. So it wasn&#39;t really a great night. I was thankful for the meal and stuff but I don&#39;t feel bad for not wanting to celebrate my birthday there.&#160;</p><p>Now back to us being at home, how I&#39;m stressed about my family get together. I explain To my dad how I feel about having a party at our house and I&#39;d feel better about us going camping even though we can&#39;t. I appreciate my family are spending money on me, but I didn&#39;t have time to think about why I didn&#39;t want the party after finding out 2 days before we aren&#39;t going camping. I&#39;m not trying to sound ungrateful at the fact that people want to do things for me but like I said, I just don&#39;t feel any form of excitement about my birthday or anything. Im just getting to the point where I want to go to university in September to get away from here because I felt nothing but sadness and most days of the summer holiday I&#39;ve come up to my room and sat on my phone for hours feeling down. I&#39;m saying the word down becaus I don&#39;t know if I&#39;m actually depressed but I needed to write something somewhere. Sometimes I feel happy but most times I&#39;m just upset. So anyway, my dad always has ways of making me feel bad and like things are all my fault. I&#39;m writing this because I want to know if what he does is wrong and mean, or not. So after explaining. That I dont know what to do about my party, he goes on about everyone spending money for me, and how he always does thing s for me which I don&#39;t want to do. Then he gave me the example of the meal on holiday, which I told him I didn&#39;t want to do and he knows it! Things like that really annoy me and I found that hurtful because I didn&#39;t ask him to spend Money for my birthday, we could have all just gone out for a meal together as an end of holiday meal, yet he blames me for not wanting to have a meal. I hope that makes sense. Now when I&#39;ve told him this and how it&#39;s wrong for him to blame everything on me he walks away and says he&#39;s cancelling the party and I had the urge to say that he can&#39;t accept the truth. Becaus I don&#39;t think he can, he never apologises for things he has done wrong and always finds a way to blame things on someone else and I hate it. The thing is though, I know he won&#39;t cancel it, he never does. He says it then doesn&#39;t do it. Now I feel in s few days time I will regret not wanting to have a party and all my family round, but I can&#39;t help the way I feel, and that is sadness and anger and hopelessness. I just don&#39;t think my dad understands this is how I feel, even though I tell him it&#39;s so hard for me to bring myself out of these moods and I can&#39;t just change my emotions to happiness, yet he tells me to walk my dog and get outside whilst I&#39;m here crying in &#160;bed. I just don&#39;t have the motivation for things anymore. I know your 18th birthday is meant to be a big birthday but honestly I don&#39;t care. I&#39;m not a big party person at all, and basically all my other birthdays I&#39;ve had my family around like we are planning to now. But this year I haven&#39;t really been able to get myself out of this rubbish mood. Even on holiday I laid in the hotel bed all day one day, which I don&#39;t normally do because I love being on holiday, I live being in the sun and I think when I get home to the rain and cold that also brings my mood down. Also, I don&#39;t feel as excited having a party that is not on my birth day. But we planned to go to London because my mum will complain that she never gets to see us (my brother and I) on special occasions, which she always does. But I haven&#39;t lived with her for 12 + years, just my dad and brother so I&#39;m used to staying in my comfort zone at home with them. However I&#39;m hoping I&#39;ll enjoy my self in London, even though she doesn&#39;t have any money to do anything...</p><p></p><p></p><p>I know this is a long post, and I just needed somewhere to write something . It is rushed sorry and I hope it makes senSe, I know it sounds like a story in some parts haha. Any advice would be appreciated about anything and what to do about things. I love my dad a lot, but there is times he can be a horrible person, but I&#39;m very lucky because I know he is going to get me good presents for my birthday, and that is why I don&#39;t want to seem ungrateful, but also I don&#39;t want to have a party after he has said mean things to me because I will just sit there, not talking to him and feeling rubbish whilst coming across as happy and greatful that my family have come to see me, and I won&#39;t look happy because I&#39;ll be angry at my dad, and I hat acting like there is nothing wrong when there will be. It&#39;s just hard. I think mine and my dads realtipnahop is just getting worse, we fight a lot more now and we used to be really close. And now I backtalk more and try and prove points but he just shouts at me about it. Now it&#39;s 2 in the afternoon. In 24 hours my family will be coming round, if it hasn&#39;t been cancelled and I don&#39;t know what to do. I wish I could just be on holiday again in the pool or something.&#160;</p>",18.  PUNITIVENESS  (PU),3,False
3DWNFENNE3VGTGABCWX8BZ82V4QJ4X,"Hey guys      I hope you are well.       Cut a long story short, in recent years I have been terribly scared by haunting memories of a bully from high school.       During high school I said stupid things and made a full of myself to which he used against me. Over the years it resulted in him threatening me (Gangster) by saying he would destroy me and bring me ass down.       This happened because at one stage I had enough and retaliated by saying I would get my brother and his gang to sort him out (lie).       The thing I worry about now is with the power he may have through his organised crime family, that if I bumped into him again they could do something terrible to me.       Please how do I stop this fear? Thanks for your help",18.  PUNITIVENESS  (PU),1,False
3BAKUKE49HCGZ5W5XJNFFSNQT1AR1K,"Hi I have suffered from depression and anxiety for over 20 years and recently had to ask for help again so I go to the mental health team spend over an hour explaining everything feeling bad about myself and was then told that everything in the past is irrelevant and that my medication was irrelevant I'm feeling very upset by this point and worthless so I get angry and leave. Today I had a copy of the letter they sent to my doctor it said that I am not depressed nor do I suffer with anxiety and that in was hostile. As you can imagine I feel everything I've ever done is worthless and can't see any point in going on I feel empty and a fraud I self harm on a daily basis, what is the point of going when no  believes me ?",18.  PUNITIVENESS  (PU),2,False
38EHZ67RIMSM649GAUC10GXMP3UMGR,"<p>I&#39;m 26yrs old married for 4yrs and have a 3kids. </p><p>I&#39;m pinay I&#39;m having hard time to learn everything like English language, to do learning driving and other things. I&#39;m so tired staying at home and  take care my kids.</p><p>And I can&#39;t trust my husband because he been cheating on me and he  never been loyal to me since we have my first baby. And I&#39;m regret to my marriage I don&#39;t feel that this marriage get long last. I&#39;m so so tired for everything I feel so stupid.....</p><p>I sometimes blaming Jesus why he Doing this to me and give me unhappy life..? I&#39;m wishing that I&#39;m not gonna wake up anymore.</p>",18.  PUNITIVENESS  (PU),3,False
3SBNLSTU6U5JTRY8NT1N2XQYRFWDZP,"<p>So lately I have just been a usual person around my age just playing some games like overwatch and such, but im not here to complain about losing in a game, im here to complain about losing at my entire life. &#160;I feel every action I do is either wrong or will mess up something for someone else, online things that happen just start mixing up with real life building stress and annoying me. &#160;My only escape is video games which has starting to be doing the same thing, making me feel like im useless. &#160;For anyone who know what im talking about up next is that in team based games I feel like an anvil on the ship, and for no reason at all I get this feeling that in everything I do in game has some kind of disadvantage such as somehow taking more damage than the enemy is or I fall over easier than the enemy does. &#160;Basically real life and my only escape, video games, have both been really annoying me keeping me up at night constantly thinking of things. &#160;Back onto me feeling like I will fail at everything, I sometimes keep myself awake in bed for at least 2 hours straight with the thought in my head of how much I will fail when im a full adult, the amount of stress and responsibility just crushes me and makes me feel like im going to be homeless or dead in my future. &#160;I just really need some kind of help on this because I am terrible at responsibilities so when I think of having a job in the future I doubt I will have anything very good because my most recent year in school I barely made it out with passing grades (which made up of a ton of C&#39;s D&#39;s and a few F&#39;s) and now it&#39;s going to be my first year in high school soon, I know high school counts a lot to my future and what kind of college or job I could get which whenever I think of it I just think im going to fail at high school and then once again end up homeless or dead. I really need some kind of way of explaining why I feel like this and any way to make it better, also any people who come on to reply with something like &quot;Baby&quot; or &quot;Lol&quot; really go knock yourself out, have fun typing away trying to insult me but I am one of the rare few people in the world that don&#39;t get their emotions crushed by words. &#160;Anyway, to those who are willing to tell me something helpful about this please tell me something that could help me know how to make this better.</p>",18.  PUNITIVENESS  (PU),5,True
32204AGAABC0EQ85JXWO8BPQ8HVGHC,"I've been feeling like this for a while now,I do have my good moments but they don't last long...then boom I'm back to feeling like crap again,I've gone from being a people person to being a total recluse..I get moments of extreme sadness followed by an uncontrollable flow of tears then other times I can barely look at myself because I'm so ashamed of who I am then I get hateful and mad but it is all directed at me..I knock myself all of the time and I've done a pretty good job of convincing myself that I'm basically a worthless piece of sh*t, I do a pretty good job of hiding the way I feel to friends and family but I'm sure they've picked up on my short temper..I never used to be like this! I want to make a career for myself but the fear of being a failure puts a stop to it,I'm scared that I'm not the best mother,partner,daughter or friend...I just don't know what to think or do anymore.",18.  PUNITIVENESS  (PU),5,True
3HY86PZXPYIRQ1R0BD3FGLO7ECKE1U,"<p>Hi I am 36 years old and have been suffering from depression since the age of twelve,  I was the victim of sexual abuse as a child and my life has been a shambles ever since then I don&#39;t let people in and hurt the people who matter most to me. I am very reclusive from my family over the years as they don&#39;t know anything about my issues as a child, and I&#39;ve always been afraid that if I started talking to them then I wouldn&#39;t be able to stop so I kept my distance from them, I thought that my life was in a bad place then seven years ago I met the love of my life and we have a lovely daughter and got married three and half years ago, just when I thought I had my life on the right track disaster struck me once more as I went to visit my mum only to find her having a heart attack this was three years ago on the 5th of August, iad to perform cpr on her but, I can just remember the fear on her face the paramedics arrived after what seemed like an eternity and as I was outside the room I could her the machine say that there was no output I was devastated,  then out of the blue they said that they have a rhythm so we went to the hospital but sadly she passed away that evening so I had seen my mum pass away twice in one day I was gutted there was so many things that I should have said, simple things like that I loved her but I never took the time to tell her. After that I made myself a promise that I would always remember her as she was but that didn&#39;t last as my negativity would eventually take control. Just recently I completely forgot the anniversary of my mum&#39;s death, I was gutted I felt so low like I had let her down all over again and then to make matters worse I went to work the next day and did the most shameful and disgusting thing ever cause I was upset and hurting and angry with myself this cost me my job and any chance of happiness I had, as my relationship with my wife broke down as a result of not only this but I guess many years of pushing people away. I lost everything my house my wife and my daughter as I now have to work almost seven days a week juggling 2 jobs just to keep my head financially above water. I know that it&#39;s my fault but I just want the pain to stop I feel so low and ashamed of what I&#39;ve become struggling to get by on a daily basis. I&#39;m sorry for ranting on just could stop once I got started just don&#39;t know what to do next </p>",18.  PUNITIVENESS  (PU),5,True
31SIZS5W59F4G9GMIYDUGTVY1D2QRE,"<p>After my accident on Sept 11,th this year everything has change I feel like I&#39;m not my self I feel like everyone around me is pushing away I feel like every time I say something it&#39;s turns out it&#39;s stupid and it&#39;s all my fault that I say something and it p****d some one off and I start crying and I hate my self for it everyday I feel like I should just keep my mouth shut and I use to love cook I g not much much and all I want to do is nothing what&#39;s wrong with me i feel like the accident was my fault the tire blew out on the high way I went spinning and hit the side walls of the high way and I could have died the police said I was lucky cuz the last car that had the same type of accident they went over the high way and died so since then my mind has not been there at all </p>",18.  PUNITIVENESS  (PU),5,True
334ZEL5JX6FDWC3JIALVHY5U8E3OSS,"<p>Does any one else, ever feel really bad for enjoying something? You know like your not meant or allowed to have any kinda fun or connection with anyone.</p><p>Almost in tears when this happens ya know I don&#39;t get it I&#39;m not guilty of anything other than giving the brain a chance to not think how Isabella failed everything through sheer stubbornness</p><p>Isn&#39;t that always the way you should never under estimate how someone will treat you harder when you have them the rope to hang you with I guess ppl as a rule of thumb are cold calculated and so selfish I can&#39;t wait for the world to become truely compassionate to treat others how they want to be treated </p><p>It&#39;s a fight depression that&#39;s exactly what it is you against your own mind it sees you how it likes a failure,pathetic,and worthless you doubt yourself constantly I&#39;ve even started to read traits of different types I&#39;ve admitted plotting against those that hurt me in the ultimate revenge plot not to hurt them physically but how to break them their lifestyles when&#39;s enough enough? When&#39;s enough hurt done? It is definitely a fight and I&#39;m convinced I&#39;m losing my fight! </p>",18.  PUNITIVENESS  (PU),6,True
3VI0PC2ZAYKLSTPICKRIG6MMNT5OX0,"i just don't know the cause of the depression... i talk to my self most of the time... i feel alone, left out.. i feel like every one hates me and every one is leaving me alone, so i shouldn't be alive now, i have no purpose in life, why am i alive? i feel like jumping from the tall building to end this suffering... the voices in my head just don't stop... My head just don't stop thinking... i feel so tired still i am not getting enough sleep.. i am not able to eat properly... i feel lost... initially i thought dating is the main cause.. But now i don't know... i feel like i want to talk to some one... any one... i feel angry at times i hurt my self mainer times as i blame my self for the suffering... What ever happens i just blame my self... i feel tired now.. i am done... i just can't bear this any more...",18.  PUNITIVENESS  (PU),6,True
3MQKOF1EE2OFZWT3C6HG3TWGADSWDI,"I have wanted to leave my relationship for some time now but it all came to a head 2 weeks ago. My partner saw me and tried to initiate sex. I said I didn’t want to because I still had to put the kids to bed. I wasn’t interested. He pressed the issue and we had sex anyway. Of course one by one the kids came in as small children do. He stopped each time and threw a blanket over us and told the kids to get out. I was feeling humiliated. The third time we were interrupted I walked away and he got angry with our daughter because of it.    I scooped her up and took her to my bed. The next morning I asked if he thought his behaviour was respectful to anyone in the house that night. He said “well you were having sex with me too” I told him I was breaking up with him. That I didn’t love him. For 2 days he seemed to accept it and then went back to normal. I broke up with him again 2 days ago over the phone. We discussed dividing assets etc. and then he came home and said let’s find you a hobby, you aren’t coping at home with the kids. I don’t work, I look after our 3 kids (all under 5). The accountant has allocated part of his earnings to me so my tax returns looks like I have earned $200,000 a year so I am not entitled to any support from Centrelink. He won’t move out, or accept the breakup and I have no access to funds to leave. I find myself crying at the drop of a hat, not eating, drinking wine which I shouldn’t because I take medication for anxiety and hiding in my wardrobe or the laundry for 10 mins to get away from the noise. The situation feels like it will never get better and I wonder why I can’t cope when everyone else around me seems fine. All I want to do is fall apart but I know I can’t do that because my kids need me.",18.  PUNITIVENESS  (PU),5,True
378G7J1SJLYKR27381S09BE1APTWEB,"Last November, I was involved in a financial scam. I lost more than $25,000. Basically all the money I have. This person was introduced by an acquaintance. I think my acquaintance told this person a lot about me, so he quickly got my trust. Long story short, scammed all my money, I reported to local police, but money is forever lost and I am in debt. Need to pay off a loan to the bank. Basically, all the money I'm earning from my job now, is used to pay it off. Which means, I have no extra money for myself. I haven't been buying my own groceries, my wardrobe is extremely out-of-trend, and I'm back to having trust issues, especially when colleagues ask me to try dating sites to meet a potential husband.  I almost got into an argument with my dad yesterday morning. I was telling him that he shouldn't be going out so much because the air quality in our area is bad (fires burning, and smoke in the air). Then he goes off telling me, that I don't go out at all, for anything, but to work. I stopped myself from responding him, because I know I will just get frustrated and it will turn into some sort of argument. My thought process is, I don't have excess money to spend. So, there's no point in going out. It's not like I don't want to be out and about. But this is something I don't want to bring up again. This experience, was unfortunate, and I'm still angry at myself for being stupid and believing in what I'm being told. I guess I made things worse because I'm also the type of person who has trouble saying ""No"" when being asked to do something. Except this time, I paid a big price and it backfired.  I'm still quite saddened by this, and I can't share it with my family, so the only place I can think of, is here. Things like what my dad has said, triggers me. I was quite depressed during my shift at work, even asked my colleagues not to talk to me much. I actually felt emotional at work yesterday, I almost wanted to have a meltdown. I'm not quite back to normal yet today, I think it'll take a few days to calm my feelings. I'll try to act okay at work though, and just dwell on my own time. Reading over what I have written here now, is making me teary. My career changing goals and wanting to finish my Diploma, now all has to be postponed because I don't have the money for it.  Thank you for reading this far~",18.  PUNITIVENESS  (PU),5,True
3IWA71V4TIGV3NJECO5OZ60V2TB6XT,<p>I feel rude coming here as I&#39;ve never been officially diagonised with depression. I&#39;ve always been to scared to go inacse I feel like the doctor thinks I&#39;m wasting his time. I&#39;m good at hiding when I&#39;m sad I don&#39;t like people to know I hid it from my family my boyfriend my friends except one who has depression and she can see through it but I don&#39;t want to go to the doctors. </p><p></p><p>Recently I feel like everything is hard but I&#39;m the one that creates the problems. I&#39;ve had a lot of family issues in my life but what hurts me most is I let this bother me it&#39;s out of my control I should be able to step over this but I don&#39;t. I&#39;ve became distant from everyone I love my boyfriend but I&#39;ll never tell him how I feel because I think it shows weakness and I don&#39;t want him to see that. I don&#39;t like going out with my friends because I don&#39;t want to get drunk and tell them how I really feel and again its cause people see my as the laid back one the one that dosent let anything bother me but it&#39;s not the only reason I give that impression is because I&#39;m used to worse and the little things that bother them are nothing to me. But I drink a lot I distance myself and when I&#39;m sitting typing this out the obvious thing is to talk to people but it&#39;s never as easy as that is it. And I guess in coming here cause it&#39;s somwhere I can talk without people knowing who am I and even doing this makes me feel a bit better </p>,7.  VULNERABILITY TO HARM OR ILLNESS  (VH),6,True
3YKP7CX6G2F7UKUIQ2IYGN9ZE17B7O,"<p>Hi. well I am not sure what is &quot;wrong&quot; with me. Well here it is. I feel I have been depressed I guess all my life, but I am not completely sure (I am 16) just now it is getting more and more difficult. When I was younger I think it was not that bad, there were plenty of distractions in life to keep me active and depression did not really affect me a whole lot. But over time I started to loose interest in what used to be fun until now there are only a few things that I find somewhat entertaining and or distracting. I have to multitask in order to occupy my mind. When I am not distracted completely I start to get very sad. I start to think bad thoughts that I don&#39;t like but they just keep on coming. I can&#39;t be alone with my mind and that is the worst feeling ever, I have to be doing something, thinking about something. This has effected my sleep as well for the past few weeks or so I have been running on 4-5 hours of sleep, earlier when I was in school I would get around 6-7 hours. when I do get in bed I need to be on ifunny or facebook or something to distract me before I actually sleep. I have reached some points when I honestly would not mind dying, not committing suicide because that would destroy my family and friends and I don&#39;t want to hurt anyone, but like I wouldn&#39;t mind just dying like normally in a car crash or something. It is all just so much, too much. I get these fits of anger or embarrassment or hatred toward myself on things that happened months, even years ago that no one else remembers. I hate myself. my mind, it always works against me when I am alone with it. When each of my distractions fall one by one it starts to get scary. Will it ever stop? Is there a way to fix this without getting too many people involved. Basically no one in my life knows that I have this problem I have been very good at hiding it, which I don&#39;t know if that is good or bad. Thanks for reading this I would also like to know some kind of name for this, I don&#39;t know if it is exactly depression, or what type. I also have anxiety which could be apart of it. I have also never gone to a doctor or anyone about this. If you have any questions please ask. And thanks.</p>",7.  VULNERABILITY TO HARM OR ILLNESS  (VH),7,True
3IQ9O0AYW6Z4FQ5V9FDG765UYOIITG,"For some time now I've been very paranoid..for example I felt my ex housemate who owned the house was mad at me, and when she went away I was convinced she had put cameras in the house to watch me while she was away. Another example is that my other flatmates boyfriend has been slightly aggressive once when drunk..one night I woke up to him having a shower at 6 in the morning. For some reason I was convinced he'd  killed her and was cleaning  himself up and was going to move onto me next!    The new one is that my neighbour was once seen looking through binoculars into our house. Which is creepy but it was years ago and nothing has happened since. But I feel like he's planted cameras all over the house and am scared to get changed in case he's watching. I went for a run today and passed someone who looked a bit like him and thought he was following me until I got home and saw him in his house. But still I thought  he must have rushed back to make me think it wasn't  him!       I know these thoughts are irrational but still I can't help believing to some extent that they are real! Is this normal? I'm doing a lot better these past few days but I am still thinking crazy stuff like this",7.  VULNERABILITY TO HARM OR ILLNESS  (VH),7,True
3VMV5CHJZ8FQJZZ0JRDDMUSEJBQGTM,"Hey guys      I hope you are well.       Cut a long story short, in recent years I have been terribly scared by haunting memories of a bully from high school.       During high school I said stupid things and made a full of myself to which he used against me. Over the years it resulted in him threatening me (Gangster) by saying he would destroy me and bring me ass down.       This happened because at one stage I had enough and retaliated by saying I would get my brother and his gang to sort him out (lie).       The thing I worry about now is with the power he may have through his organised crime family, that if I bumped into him again they could do something terrible to me.       Please how do I stop this fear? Thanks for your help",7.  VULNERABILITY TO HARM OR ILLNESS  (VH),6,True
3SU800BH86SWW183MS8ZL4II8C6QUI,"<p>I&#39;m 18 and starting college soon. So what I sometimes come to realize is that maybe I&#39;ve been depressed for years but it became more severe? My depression began a month and half ago. First I randomly experienced heart run with acid reflux. Idk what caused this but probably my bad eating habits and chugging water too fast or something I don&#39;t know. That caused me to have extreme chest pain and heart palpitations which triggered me to experience panic attacks. I let a few panic attacks slide once i realized what was happening but I kept having them everyday when I had chest pain, thinking I would have a heart attack each time. I think that triggered my flight/fight response to go crazy. I started becoming scared to have panic attacks in general and now I get anxiety over anything that feels or seems odd. I went to the ER one night and they diagnosed me with GERD, anxiety, and depression. (I didn&#39;t know I had depression yet). Then a couple days after I found a website to help with anxiety then depression came. I remember the night it came. I was at my cousins birthday party. The thing about me is ive always been isolated and socially awkward. I&#39;ve never had many friends and I have no one to call a friend. My routine consisted of staying at home every day and going to school then taking a nap right after school or staying asleep till the next day. So when I was over there I witnessed her surrounded by friends and they leaving me behind and not asking me how I was doing. I know I shouldn&#39;t wait till people come to me but I&#39;ve tried and I can&#39;t befriend anyone for some reason. So that night she was dropping me off and as I was in the car feeling like s**t and anxious my thoughts went to the darkest and most empty feeling ever. My brain kept repeating &quot;you&#39;re never gonna have any friends and you&#39;re never going to liked, anxiety will be with you forever no mater what. You&#39;re a loser and life isn&#39;t worth it if you&#39;re a loser&quot; so then I felt the weirder sensation ever. I tried to think about something else but it consumed me. I started to see the world differently at that moment and I couldn&#39;t snap out of it like the times I used to. That same night I had an anxiety attack and I wanted to end my life. I experienced complete mental isolation as if no one would understand and the thought of being alone with my thoughts terrified me. I wanted to go to the ER but my uncle talked me to calm down and asked me how I felt. He told me I was experiencing anxiety with depression. So it&#39;s been two months and I&#39;ve been in this episode. I can have good moments by everytime I do I think &quot;what&#39;s he point of happiness when it&#39;s just gonna go away?&quot;. I&#39;ve had an existential crisis and thoguhts of hopelessness. I&#39;ve been experiencing derealization since that night and it terrified me because I don&#39;t feel life or reality. I feel like I&#39;ll never feel true reality again. I don&#39;t have any money or insistence or a job. I&#39;m applying everywhere btw. I&#39;m just wondering if positive affirmations can ACTUALLY help? What is truly going on in my head? Is this real or can this illness be cured? Can I feel myself again one day? Will I feel stronger afterwards or less stronger? Right now I read an article explaining how positive thoguhts can&#39;t really cure it but It can help cope so I don&#39;t know? I feel stuck and hopeless. I don&#39;t want to continue this pain but I want to live? Please help!! I feel like I might commit suicide one day with no control of stopping myself!?</p>",7.  VULNERABILITY TO HARM OR ILLNESS  (VH),5,True
3QMELQS6Y5BB6RX23PZWAOE71CQR6I,"<p>I don&#39;t know what to do. I just can&#39;t do it anymore. It&#39;s been going for so so long and it&#39;s getting worse, I just want it to end. I want it to stop. I don&#39;t care how I just need it to stop. I am afraid to get diagnosed by a professional cause I am afraid of what they would say. Also, i can&#39;t really afford thrapy. I think I am going insane. My vision is getting worse, i can barely see with one eye, i am getting paranoid , i feel like me or someone close to me will die or something worse would happen to us. I feel like death is following us, i feel that if I look over my shoulder I will see it following me. I wasn&#39;t so paranoid before, it started a month ago. I think because a lot of people have been dying around me. My lover&#39;s mother died, a friend of mine died, my classmate died, my cousin had a hearth attack and died. My grandma is very old and sick and she keeps saying she&#39;ll die soon so she needs to get things done and over with. My mum is sick and is in the hospital. My father doesn&#39;t call anymore like he used to. He dissapeared from my life again. My little sister hates me cause I just can&#39;t play with her. I am so irritable. Everything annoys me. I can&#39;t control it. Getting out of bed is so hard it takes me so long to do it. I fee like I have no control over my body. I can&#39;t see myself having any future whatsoever. My brain is very fuzzy and my memory is messed up. I feel like I am running out of time. I want to go to medschool but I can barely make myself study. I can barely study for school. I can&#39;t focus on anything. Everything I do goes bad or isn&#39;t enough. Nothing pleases me anymore. It takes me so so long to study and i can&#39;t even be happy when i get a good grade. Money is really bad and my mum is sick so she spends a ton of money on doctors. I was also diagnosed with hypothyroidism and mum thinks my depression has something to do with that. But what about my paranoia, my feeling that someone will die? I am starting to become too afraid to get out of the house. I feel really scared and it drains me emotionally. I constantly feel like something bad will happen. And at night is the worst. I even have dreams with people or me dying. With funerals. I attempted suicide a while ago. I swallowed a fist of some pills but I got scared and made myself throw them up and drank a lot of milk. I am also trying to lose weight and i heard exercises help with depression. Mine don&#39;t. Nothing does. Nothing good ever happens that me. I don&#39;t really want to die cause there are things i wanna do and my family doesn&#39;t deserve that kind of pain. But i can&#39;t take it anymore. I just can&#39;t deal with the pain. I feel like it&#39;s paralyzing me. Help me please. I will try anything. Thank you. </p>",7.  VULNERABILITY TO HARM OR ILLNESS  (VH),6,True
3UOMW19E6D6BHL85G9ZWTN1L5GCC5H,"I have been to doctors since I was 15 about feeling depressed and not many of them seemed to be bothered even though I was self harming and suicidal I guess they thought I was just attention seeking they only got concerned when I told them I didn't eat much but that was it had some therapy sessions but again I felt really uncomfortable and never got answers to what was wrong with me how can I fix myself when I don't know what the problem is you know?   I am wanting to go back and try again even though last time I was just told I am just one of those people that gets depression easily.. really? come on! Yes in some way they are right but how can I over come this with out the right help.   I always feel I'm going to panic when I go to the docs because I know they judge me like everyone else.   I would say the past 3 months have been bad for me with the downers. I'm more tired, less interested in being intimite with my partner and feeling suicidal and down. I cry nearly every night. Everyone at my age at 22 is either traveling or at Uni or married and having kids and what am I doing. Stuck in a rubbish job with no time for anything. I found myself going to church at one point and I don't really belive in god anymore I just needed comfort. I have terrible mood swings but I don't think thats anything like bi polar I think thats to do with stress and lack of sleep. I have been thinking horrible things about people and being really nasty I have threatend to hurt and wished people would just hurry up and die. That is horrible I know I aways feel dead guilty later on I guess I'm just angry at myself for not being someone I wanted to be and not being perfect like I imagined myself to be. One minute I'm broody and want kids since everyone on my facebook seems to be then the next I hate kids and make comments about young mums at my age telling them they should have never opened their legs. I'm a ticking time bomb. I am a nice person really I just wish I was so nasty sometimes and hold my tounge I know it's because of the way I feel jesus I just don't know what else to do.",7.  VULNERABILITY TO HARM OR ILLNESS  (VH),5,True
3ZVPAMTJWN3D3KM8F28IMFRWVQTRGK,<p>Hi everyone. So I&#39;ve been suffering with depression and anxiety for the past few years. I got offered a new job a couple of months ago which was great. I was 8 weeks pregnant at the time. I did my training etc and wen I did my first shift I was 10 weeks pregnant. I had a missed miscarriage and ended up being off for 3 weeks. They were fantastic and really supportive. I was in on Friday for a back to work meeting with HR at which I states that I felt able to return on Monday. However last night I was up all night with anxiety and ended up calling in sick which I feel awful for because my boss has been so great. I am now so terrified of losing my job because I said I was coming back but called in sick.</p>,7.  VULNERABILITY TO HARM OR ILLNESS  (VH),5,True
3ZXV7Q5FJBO3JI1UMLC5FZSYUAQFC3,"Hi all.   It's been a while since I have been on this website. I was suffering from anxiety/clincal depression from around this time last year up until not so long ago,I eventually got to breaking point around Christmas & asked for help before it was too late,the circumstances around how I got to that stage are a bit hard to explain but after a few hard months of AD's & self determination I pulled through & was an even better version of myself than I ever was before. I'm 27,male & have a good job abroad with lots of amazing friends both here & back home. I was also very fortunate enough to meet an amazing girl of whom i fell in love with,so much so we had made plans to go away & travel next year,now her feelings towards me were the same from what her parents & herself told me. So we went on a holiday last week & it slowly fell apart & to be honest it has absolutely broken me,mentally & physically,I have lost weight,can't sleep,can't focus at work & just feel absolutely awful from the inside out. I honestly don't know what to do,I can't find any positives from the situation,it's also making me think negatively of the nice life I have. I'm scared to go near the doctor incase they throw AD's at me,although i can't be sure if they actually helped or not all I know is the side affects from them are not worth it in the beginning. I really don't know who to turn to,it's not fair placing a burden on my friends & family. Some advice would be much appreciated as I really am scared of what's to come. Thanks for taking the time to read this",7.  VULNERABILITY TO HARM OR ILLNESS  (VH),5,True
3VIVIU06FKC02VFB0IC4LSA24GMIMF,"I've been dealing with depression for the first time this year since March and despite the helps I got through medical professionals and friends, I feel like I don't know who I am anymore. I don't know what I want, I don't know what I want to do and I don't know what can make me feel better. My brain is in constant chaos and during most of the day I just wanna shut it off so I don't need to think. I just feel so lost within myself. In a way, I feel like maybe it was better when I was oblivious to this. I recently read an article about self-esteem and that without self-understanding, you cannot feel anything good about yourself simply because you don't know what you are. So... I guess my question is how can i figure out myself and understand myself more? I tried writing things down about myself but I didn't event know where to begin.",5.  SOCIAL ISOLATION / ALIENATION   (SI),3,False
3O0M2G5VC62RN4X2QK6VM5UZZZE49N,"It's been a couple of weeks now and every single moment I feel sad and alone. Prevously I was able to hang out with my friends all the time and i would laugh with them and joke around, everything was okay. Now, now I find it hard to even laugh at my best friends corny jokes!!!!    There was a day when my mum was angry with me and shouted at me then left to take my little brother  to football. I understood why she was angry and i didnt blame her but something in me changed. That day when she was gone I sat and I cried so hard i tried to stop. I screamed at myself to stop but I couldn't. It just wouldnt stop! The worse part was it hurt...but I dont even know what hurt. I screamed to myself and I punched my wall hard (not hard enough to injure myself) but it wouldnt stop.   After that day i've had terrible thoughts; what would happen if i jumped out the window (6th floor). Or would anyone notice if I cut my wrist.   The thing is, im not always like that i can sometimes be happy and i can laugh with my friends, but there are days when I just want to do or scream or hurt myself. When these days do happen I beat my self up for being so stuipid and i honestly dont know what to do.   Im 15, im too scared to tell anyone and im to scared to admit im hurting when someone asks me if im okay. Im scared. Im terrified. I just dont know what to do.   IT HURTS!!    -Sorry it was so long just wanted to give all the details ",5.  SOCIAL ISOLATION / ALIENATION   (SI),3,False
3X7837UUADYU83EPVKQN8XSGRVWJ6I,"Hi guys,      I've been on anti depressants for about three months now and although I've been feeling slightly better I still feel like everything is pointless. Existence is pointless. I really want to get through this and I am not suicidal but this thought scares me. Every time I begin to forget about it and enjoy myself for just a second this feeling just comes back.      Can someone tell me if they've ever felt like this. I feel like nobody really understands. And can someone please tell me if it will ever go away? I feel like it never will. I feel like I can't bear it anymore.      Thanks in advance x",5.  SOCIAL ISOLATION / ALIENATION   (SI),3,False
3L2OEKSTW9A776SCAZOO2Y3VAUV8YN,"<p>Hello.I am a 16-year old girl who has been living for a year in germany. I go to one of the best high schools here, but I&#39;ve just no idea how I could get decent grades in my own country, since I never really studied much. I&#39;ve always kind of floated through life, avoiding responsibilities as much as possible and not participating much in class. I have no friends, or at least real ones, I feel. I feel kind of numb right now, sometimes on waves, it is like I am not here and nothing I do matters. I guess the reason behing me wanting to die is probably because I don&#39;t have a purpose in life and nothing really motivates me. I don&#39;t also quite feel like a normal person, everybody says I am too reserved. As a kid I didn&#39;t really speak much, nor do I now. I feel empty and purposless. I have problems with commitment, I have ALWAYS given up and also way too easily. I feel like I have never done anything in my life that deserves praise or just anything really.  I feel kind of neutral.The biggest problem now is that I am just so irresponsible, I always procrastinate and don&#39;t study, even tho I have to, plus it is a new language that I am not good at. I feel like only watching videous all day and skipping school. I also am too late for my bus a lot and this creates problems. I feel like dying, mostly because of those reasons..I cannot get really angry or even cry these days, but it is only a mood thing, I don&#39;t believe I am depressed, only kind of sad. My mom says i only waste my time and am irresponsible. But I can&#39;t make myself care enough to change it! Right now I feel like crying, but I can&#39;t. I don&#39;t actually know how I feel. Do you have a name for it? Also, any suggestions, please.Like, i&#39;ve obviously never exersised much responsibility, but ah, I don&#39;t really know if it is normal. Some days, maybe 2-3 times a week, I really feel like going and buying the sleep pills and saying good-bye to the world. I guess things could get better, but I can&#39;t seem to feel motivated about me and my future. Ah, I&#39;m just so irresponsible. Things are kind of hopeless. So yeah..any ideas maybe?</p><p></p>",5.  SOCIAL ISOLATION / ALIENATION   (SI),5,True
3HFWPF5AK9JOANAXZC13TV7JDN73SC,"<p>anxiety &amp; depression gives me headaches, i feel woosy, queasy, light-headed all of the time, in constant thought, no break from my mind, it eats up at me - when i&#39;m feeling good it&#39;s 0.2s before i&#39;m thinking. because my mind goes &quot;wow... i&#39;m feeling good! this is a good thing!&quot; then i start worrying about going back to how i was. and i&#39;m here again. i literally fall down the hole and i can see yourself falling. i know that thinking about this will make it worse but i cannot stop thinking. most meds won&#39;t cure me... being mindful and spiritual isn&#39;t enough but it helps, meditation can turn nasty if i&#39;m in the wrong mindset. revision is impossible. all i&#39;m thinking is: I can&#39;t do this, its&#39; too hard, too little time - all i&#39;m thinking about is how i CAN&#39;T do this, how my head feels so heavy; some people begin to love something and it&#39;s their crutch - might be drinking, might be smoking; some people turn their lives completely AROUND at this point. some people love running &amp; health, some love yoga &amp; buddhism. some people love those things and they never come back, they learn to not let themselves fall down but for other&#39;s it is impossible. Trust me. for as long as i can remember i have been trying to remedy my problems. for as long as i can remember. i can remember being in primary school, on the school playground, and constantly thinking... always worried about something. i&#39;ve missed so much in my life because im always in my head. i remember going to weddings, but not being there because i was too worried about my weight. i was so focused on my collar bones showing &amp; that was all i thought about. i blamed my problems on everything else. i blamed them on my upbringing - the fact my mum has an eating disorder, the fact my sister has mental health issues, that my dad left when we were younger and he gets angry all of the time - i blamed it on my metabolism for not being quick enough &amp; eventually i turned and blamed EVERYTHING on myself. now instead of it being my mum&#39;s fault I had ED growing up i blamed my mum&#39;s ED on me. i was never there. i never supported her when i could. i never told her how much i loved her and made her feel like she was worth something. i feel so neglected and empty and dry with emotion &amp; i am getting to the point where i cannot see any other route off this earth other than suicide.&#160;</p><p>&#160;i&#39;m where i should be. i&#39;m finishing college, my grades should be good, i&#39;ve got a place at uni and my boyfriend loves me. i&#39;ve opened up to my family. before i was so stoic, so angry and so bitter. i&#39;ve never had a longer conversation than about 10 minutes, most of that was filled by awkward silence, with any member of my family. but now we speak.&#160;</p><p>&#160;but i am so uncomfortable and alone. i&#39;m skinny, i&#39;m vegan, and i do honestly think that i&#39;m pretty most of the time. my outlook is better, and now i have to face my problems. they&#39;re tearing through and i cannot deal with them. now they&#39;re not repressed; now that i&#39;m now repressing myself, i have discovered how deadly mental health issues are.&#160;</p><p>&#160;i&#39;m really struggling. if i look back on my life i cannot find worth. a lifetime of this is not worth it - trust me. no amount of happiness can make up for a lifetime of scaredness and sadness.&#160;</p><p>&#160;so what should i do? i&#39;ve seen GP&#39;s, i cannot take meds, at the moment i just don&#39;t have time for meditation or mindfulness. when i told my boyfriend that i&#39;d prefer my 2 last exams to be on the same day so i didn&#39;t have to revise for another week he scoffed, as most people would. but it&#39;s just so different in this mindset. another week of struggle isn&#39;t worth a good grade. my mental health is at breaking point again.&#160;</p><p>&#160;I never dealt with these issues as a child &amp; they have completely ruined my childhood. i have barely any good memories to look back on. i feel like a special-worst-case-scenario in that i&#39;ve dug myself a hole so deep i cannot get out of it. chants and mantras and cliches don&#39;t work. my mind consumes me, i just can&#39;t see how if i&#39;ve been born with this and I&#39;m supposed to get rid of it. it feels so innate in my nature.&#160;</p><p>&#160;i&#39;m sorry if i reply sloppily as in here and there but my anxiety gets really bad about online forums :(&#160;</p><p>&#160;i guess i&#39;m just asking if anybody can relate and what helped them&#160;</p>",5.  SOCIAL ISOLATION / ALIENATION   (SI),5,True
3A520CCNWN0NKP407WW8RMHAI6QEAI,"I now have decide to give up, no one cares. I took my pills today but I'm not tomorrow and if I'm good then I not going to take them, got the doctors on the 15th May, and will cancel as I don't think its helping. Do CBT online and phone calls, that is not helping, so will give up that. I am going to have to do it alone. I want to hide from everyone, I should be going to church tomorrow, but I will just head out with no one knowing where I am, just to sit with no one around me. I just have to do it, I not going to be a burden to anyone, so I'll just do things on my own. I don't expect people to answer so don't worry, I don't deserve anyone being nice, just had to get it off my chest. So don't reply and waste your time with me, seriously.",5.  SOCIAL ISOLATION / ALIENATION   (SI),8,True
3ACRLU860NES3Z9SDAW4MX1G0OBEBD,"<p>So I&#39;m new to this. I never thought I would discuss anything on a forum especially regarding what I think is my depression as I have never discussed this with anyone before. </p><p></p><p>I am 16 years old and never really had a friend. I suppose it&#39;s because I never really fitted in. It&#39;s not that I&#39;m socially awkward or people dislike me but I haven&#39;t ever wanted one. I never felt the need for a friend nor anyone to talk to. I guess I&#39;m just a loner. </p><p>I have had crushes before yet never felt the urge to get to know them. I have  forced myself to go to parties or hang out with people but have dreaded every minute of it. </p><p></p><p>Im not entirely sure when it started but I have been upset for so long it feels abnormal when I&#39;m happy. I have a few problems at home such as my dad being an ass and my mum being miserable all the time but I know that neither of these things are the cause of my depression. </p><p></p><p>My largest problem however is that I have a lack of caring for things. For example I never cared about what happened in the world or what happened in my future which has caused a huge lack of effort in everything I do especially school work. </p><p></p><p>Despite my shortage of enthusiasm I do enjoy many things such as reading, writing, drawing, music, guitar... and cutting myself. Like most self harmers I cut myself when I am very upset which happens to be quite often however I do it because I get this strange sensation of excitement that makes me happier. I don&#39;t cut my wrists nor anywhere that is easily visible so I usually just cut my chest or thighs.</p><p></p><p>As I said previously I have never spoken about this and know one in my life has any clue about my problems. Most people just think I&#39;m some sinical, loner kid who thinks he&#39;s too cool for everything. </p><p>The only real relationship I have ever had with anyone is my mother who happens to be the only person I really care about. </p><p> </p><p>Lastly there have been only two circumstances where I have been beyond miserable and have very seriously contemplated suicide. </p><p>One of them was when I father left my mother. You see my dad as well as being an ass is an admirer of attractiveness which my mother used to be but after having two children and going through cancer he decided she wasn&#39;t good looking enough for him so he left and practically started another family within 2 months. </p><p>I don&#39;t feel comfortable sharing the other one. </p><p></p><p>I guess I&#39;m writing this because I have kept all this a secret for years and it feels so good to share it but does anyone know what exactly is wrong with me and how to fix it? </p><p></p><p>P.S. Sorry it is so long as these are things that I have been wondering for the past few years.</p><p></p>",5.  SOCIAL ISOLATION / ALIENATION   (SI),6,True
3QREJ3J433X728NE09W1YVAQWFLLKR,Ive suffered from depression for the last 20 years and at the moment I'm feeling so low xmas was a bit of a nightmare I'm on 3 lots of tablets ive had many differant types of counciling and I'm still in the same place . Lately I've had lots of thoughts of suicide and how sometimes I actually look forward to death I know this is wrong but I'm so tired of this and so lonely I just feel there is so much missing from my life.,5.  SOCIAL ISOLATION / ALIENATION   (SI),6,True
3OND0WXMHWF2UCCED260884EV1GEHT,"I seriously need some help because I'm scared I would do something I do not want to,but the pain is just unbearble at this point. I've done nothing but cried this last 3 days...the worst is this aweful feeling of helplesness and pain and anger at the same time and I just wanna scream because it is so aweful ,I have to scratch (I cannot think of better word) myself so hard to control myself and make the pain more bearable. And then for a few seconds I'm calm and it starts again. I have been depressed pretty much all of my life without telling my family (even though my mum said she and grandma both had it and I should tell her if I start feeling depressed) , I just don't know how to say that. I managed to push away all of the friends i had and now I'm failing exams so much I would fail a year. And as cherry on top of the cake I think I have social anxiety because I can't think of what to say to people or even when I open my mouth it's usually the stupidest thing,so..yeah.It's been charming so far and I'm 20 year old female ,I should be going out, parting, drinking,doing something, but instead I locked myself in the house (about a year). If it isn't sad it would have been funny. So,finally my question to anyone who has nerves to read this is does it ever get better (because right now I feel like there is no exit ,like there is no better tomorrow and that i would never have someone to love me and deep down I dont think I deserve it) and how to tell my mum ,because almost every time I try to talk to her I cry,I feel like she doesnt understand me (we never had much of a relationship,there was always yelling,shouting ,insulting from both sides) ?",5.  SOCIAL ISOLATION / ALIENATION   (SI),7,True
3SNR5F7R92T2Q7NYJKOL8K5TVEVEIM,"<p>I&#39;m 18 years old and as my title suggests I feel like I am currently at my wits&#39; end due to what seems to be a depression with unknown causes. I started feeling down somewhere around 10 months ago, towards the end of my high school career, I was shrouded by apathy and the thought of leaving school and turning my life around produced no excitement whatsoever in me. As time passed and summer approaced, the symptoms worsened considerably to the point where I can now hardly make myself get out of bed and function normally. I have been on medication for the past 7 months, switching from Zoloft to Venlafaxine and maintaining a daily baseline of Tavor, but this has all been to no avail. I have tried to tone down drinking and have quit smoking weed cold turkey (which I&#39;d imagined to be bringing a change of some sort, considering I&#39;d been a daily user for about a year) but this hasn&#39;t changed anything either. Therapy has never really been an asset for me, but nonetheless I have been on and off of it for 9 months also, switiching from therapist to therapist and from psycotherapy to psychodynamics but none of this has had a tangible effect on me. it seems like my mind is unavailable/unwilling to receive any external help in spite of my volition to really get ahold of my life again. My symptoms are hard to describe and most of the time I feel like I can&#39;t make head or tail of them either. All I can say is I used to be an emotional person who loved being around people and had very many interests. I am now completely uninterested in seeing anyone-except for the friends I have fond memories of and my family-and have utterly given up on taking an active role in what is going on around me. Unfortunately I have made the silly (yet seemingly totally reasonable) decision of moving away from home in a different country for university and starting everything afresh, but I am now as unhappy as ever and have noone to turn to. When I moved I was at the height of my depression, reason for which I did not bring myself to get to know anyone or engage in anything, and what&#39;s more I have totally no interest in my degree now. I live in one of the most dynamic cities in the world but long for my natal tiny hometown because nothing about my current city excites me. It feels like anything I do is highly insignificant and unsatisfactory. I often also get instances of depresonalization or something of the sort, where I begin to feel like the world around me is weird and my thoughts become extremely scary: I start engaging in an over-analysis of things to the point where everything (even words) becomes insignificant. I feel stuck in my body, and as if my conscience was constantly splitting itself. these weird thoughts are overwhelming and make me feel even more hopeless. I have forgotten what it feels like to be happy or just carefree or to have feelings towards other people. I am in desperate need of a piece of mind.&#160;</p>",5.  SOCIAL ISOLATION / ALIENATION   (SI),6,True
32TMVRKDGNYR9ZESLS0HM9ZOFTW48Y,"<p>I am 23 and i am depressed since months, i am going to run away from my home [b]forever living[/b] in the streets somewhere i dont know &#160; day after tomorrow. &#160;I feel crying but i cant , i blame it to myself completely, i had a gf dated 2.5 years , where last year in June &#160;i started liking and chatting with another girl, a month later my gf broked up with me. I still didnt realise that it all happened because of my fault, i was in the belief that all that happned for good , as before June she since few months she was quite busy &#160;with her sisters wedding and didn’t invited me for it even though her sister was my good friend, i was p****d with this and started loosing the intend to talk to her and then i met this girl whose views i stated to respect as it was a charitable one, we meet few times and fell for each other, but i had strictly mentioned to her that i am in a relationship already and it is not possible to happen , but still i crossed my line and started to ignore my gf and chat with the other one. One day suddenly on july she called and broked off with me , i was down crying and asking for forgiveness but deep inside i was in a belief that it all happened due to miscommunications from her side as well. Thereafter the other girl started to ignore me as well because she got busy in her charitable work , but thereafter my all the feelings for her went away and i skipped her calls when she got time, my ex gf and i were distanced but mentally we both used to talk to each other, gradually i lost interest in my all activities and started to avoid social places completely from October. With a feeling that i was gone into depression , i skipped all the pleasures in my life, and day and night i used to surf the net and read about depression. today is February 6 ,2018 , and i am completely ruined mentally, i have no emotions left inside me, i care for nothing, i want no perks in life regarding family , money etc, i am having no clue &#160;why i am being this today, why has this happened with me, with no touch with my ex gf or anyone i know, after thinking soo much i have decided to run away to a place to live lonely forever. &#160;Today i feel very scared as this thought is very strong , i am screaming but i cant myself listen it. I have been avoiding my all the basic responsibilites since oct and today i feel soo scared about it that i am unable to do anything, i feel soo frighten to tAlk to my friends , family, or anyone i know. &#160;I have opened it up completely, i am asking for zero sympathy , i am just confused about everything, writing this to know wether i am doing on 8th is right. I have no option as i feel so. I dont have the guts to talk about it to anyone. &#160; &#160;&#160;</p>",5.  SOCIAL ISOLATION / ALIENATION   (SI),6,True
3MWOYZD5WVOGGZBEAE49I4VOLFVONG,<p>Feel every time I open my mouth I upset someone. I am crass and I hate myself. My oh told me at the weekend that I look disgusting when I sit on my sofa covered up in my throw. I feel I have nowhere to relax now. And I should stay in the bedroom. I know I am ugly inside and out and this is the first time he&#39;s confirmed my thoughts. What the hell is the point. I upset and annoy people and want to socialise but feel disgusted with myself</p><p></p><p>Sorry for putting this here but have no one to talk to. Just feel I can&#39;t keep this up for much longer </p>,5.  SOCIAL ISOLATION / ALIENATION   (SI),5,True
3CRWSLD91K4AYHQEYDP95P6OGPLOMG,"HI all, this is quite hard for me to talk about, but basicly, i have no friends, i have a wife and kids, but i have 0 FRIENDS. everyone i knew has turned there back on me, in my life, i have always struggled to make friends in milton keynes, and when i do finally make a good friend, they move to another area usually miles away and its virtually impossible for me to go see them due to work and family commitment or my health. I have recently thrown myself into Youtube in an aid to try and make some friends, i have been putting in a lot of work on my channel, but after 2 months of bothering, i find myself asking whats the point in doing anything?. I have 2 slipped discs, 2 trapped nerves, i have an ongoing chest condition which i have had since 2011 called Chronic costocondritis or treyze syndrome its commonly known as). I thought i found some good friends in my work at pets at home, but they all turned out to be two faced back stabbing people. I am an honest person, if someone is nice to me, i always make the effort to be nice back, crack jokes, try to be the nice guy to everyone, is it because of this that people take advantage of my good nature?.  I have been dwelling on this, and i have been fighting depression since 2009, i have thought about ending my life so many times, and the only thing that stops me, is the thought of my children. I dont have these thoughts anymore, but i did have them, now i just think i can be bothered to do anything, i dont enjoy anything, im stuck at home all the time, wife goes out to school runs, shopping etc. I cant walk around properly, and its agony for me to do anything, so throwing myself into my youtube channel was supposed to be a way for me to make new friends and try and do something while i am stuck at home. Over a year now and its not getting better. I have no one to talk too about my issues, i cant take my mind of anything because i have no one to go see, my family are dis-jointed and all live up north where i cant go visit, i have a brother whos local but we dont get on, and his wife is a stuck up snob who looks down on me and my family. Bottom line is i cant take this lonelyness anymore, i love my wife and kids, but my wife and i dont share alot of interests i am a gamer , and she plays the odd game but is not passionate about it. SO i am stuck at home all the time, i have nothing else to do, so i try to talk about it, and she either dont care or is vaguely interested. I am so tired of having no one to talk too, of having no friends, i am fed up with being bored all the time, its getting harder and harder to enjoy life, and sometimes i dont even want to wake up, my youngest son my 17 month old boy, is a light in the darkness, he keeps me going, all my kids do, but i have boned with him, that is the only good thing to come out of me stuck at home, if it wasnt for his love, then i dont think i would even be here writing this. I need to be strong for them, and for me, but its so dam hard that i am reaching the end of my tether and i dont know how long i can carry on for like this.  All i have ever wanted is a few good friends to hang around with, and have people i can count on, i have never had that, and it has made me doubt myself made me think there is something wrong with me. I have a few online friends, but that was through playing world of warcraft again different countrys. Why is it i cant meet anyone local or that they stay near me?, i know its a selfiish request, but just one good friend would be enough for me. Its driving me mad. Any advice, help , anything would be apprecaited. Thanks for reading.  Regards. Andy.",5.  SOCIAL ISOLATION / ALIENATION   (SI),7,True
3P888QFVX3U1JWO6Q6WQMYQTQQIOQ3,"I was raped 3 years ago, although he was arrested no charges were made due to it being my word against his.  I have battled daily trying to get my confidence and life back together, only a handful of people know what happened to me and I have made a new circle of friends that knew nothing about it as I didn't want people judging me or talking behind my back.  This was until last night when I was out and someone I thought was beginning to become a good friend said he had been told not to be on his own with me because I'll cry rape.  I lost it, I'm so placid but commpletely lost my temper and made a complete fool of myself in public.  How can I ever face the outside world again?  Will this ever leave me, I questioned if I would be better off dead last night but I will not do that, however I am a shadow of my former self and back to the person I was 3 years ago when it all happened.  I have been waiting 3 years for counselling through my doctors surgery as I cannot afford to pay for it myself, I have battled this alone and just as I was beginning to smile I hate myself again today.",5.  SOCIAL ISOLATION / ALIENATION   (SI),6,True
3WYZV0QBFJD19Z098FMWAMMNGUMBXJ,"<p>To be curt, for awhile now I&#39;ve just been feeling absolutely dreadful. Ignored, isolated, used, unimportant, unworthy, unloved, uncapable...These are just some of the things I have been feeling up to date. Now, without delving too much into my past, I do happen to have a history battling both depression and anxiety, so I know some of these emotions can be rather irrational or even baseless at times but still... I can&#39;t help but feel this way. There have been just too many instances that have solidified my thoughts ((whether the situation was by accident or on purpose)).</p><p>I guess my overall arching question is: What do I do? I&#39;m sick of feeling unhappy. I&#39;m sick of going through this emotional roller coaster of feeling barely content one day then the next feeling worthless. I want to be close to people again, I just don&#39;t know how to anymore. &#160;I try different approaches, I try to stay as positive as possible...but in the end I always go back to feeling this way, alone and isolated. Thank you to those who took the time to read this. I&#39;m just lost now.</p>",5.  SOCIAL ISOLATION / ALIENATION   (SI),6,True
3VLL1PIENQOAXOPXD2F3DR2XVT3OZX,"(I’ve already made a discussion on this but I want to make another more detailed one and I really just need it to get out of my head)   I cut the top of my left arm when feeling emotionally hurt or drained and sometimes I’m even ok. Sometimes I do it when I can’t read my own emotions and don’t know how I feel. I think I do it because it helps me distract myself from how I feel emotionally. Most of the time I feel like I do it for attention even though I never show anyone and keep it a secret. I don’t know what’s wrong with me. I have a good life and shouldn’t be doing this. The pain scares me but it’s a distraction. I like looking at the cuts on my arm but I don’t like when other people see them. My excuse (I’ve only had to use it once) is that I went to a friends house and her cat scratched me. Felt horrible lying by there wasn’t much I could do. Sometimes I feel like the world would be better off without me and that I should cease to exist. I’m useless. I can provide nothing. I don’t know why I’m here. Lately all I can think about is cutting. I think about it so much but when I get the chance I hesitate. I just cut deeper then ever before, which wasn’t much. I usually just give scratches and blood doesn’t really come out, only a little. Today a lot more came out and I just liked looking at it. I didn’t know why I did it this time, I feel fine. I just did. I feel like it’s startibg to become and addiction. My best internet friend recently found out. I accidentally told him I did it once and I have no memory of it. I feel extremely guilty for making him worry since his life is a lot harder then mine. He’s fighting his own battles and I’m probably making it worse. I wish he still didn’t know but it feels kind of nice that someone knows, it’s comforting. That’s why I feel like it’s for attention. I don’t know what to do with myself. How to hide it. How to stop. Or how to be happy again. I don’t know why I’m so upset nothing has ever really happened to me that is that bad. I need advice. Send some as soon as possible. Thank you for reading. (I apologize if there are any bad spelling errors)",5.  SOCIAL ISOLATION / ALIENATION   (SI),6,True
33TGB4G0LPH15LUQ81DHAGS9M1MTXR,"Hello. I am 50 and always felt different. I was never like other people. My mother was abusive on every level: sexually, emotionally and physically.  thankfully she is dead My first wife suffered from depression and took her own life in 2005 leaving me with two children 2 and 4. I raised them on my own i met a new lady 4 years ago and we married. She kept telling me that there were some things that didn’t add up. So she arranged for me to have a brain scan i found out that I have a 99.5% chance of major head trauma. Clearly pre memory. Also entire parts of my brain never developed and other parts of my brain are running at 6 times normal frequency to compensate.  The outcome is I have PTSD, anxiety (I knew about that one), ADD and borderline autism. I have been very successful with work but not my personal life.  I feel completely worthless right now. I am so ashamed I have left my home and sleeping in my car. I just can’t face people. I can’t stop crying. I am not suicidal but I just feel so lost and discarded.  Apparentky I don’t understand empathy and emotions which is a source of frustration for my current wife. I am questioning everything  I feel abandoned",5.  SOCIAL ISOLATION / ALIENATION   (SI),7,True
33W1NHWFYHLQAGU59J12718KU1KTZO,"After a very painful & difficult 5 months I had started to come out the other side a bit stronger & happier. But now I am right back where I started & the sadness, pain & loneliness has returned. I know lots of people but I am lonely, people say they care but I feel unloved & unwanted. The tears have hardly stopped in the last 48 hours but there is nobody to wipe them away. Do I want to go on, I really don't know.      I have recently been discharged from the community mental health team, altho was referred to a psychologist for assessment re possible longer term support but he didn't think I needed it. Can't get an appointment to see GP but even if I could there is nothing she can do to help or ease my suffering. I'm trying to hold myself together but don't know if I can this time.........",5.  SOCIAL ISOLATION / ALIENATION   (SI),7,True
3MQKOF1EE2OFZWT3C6HG3TWGADSDWZ,"This might seem like an odd topic but I hope it fits here. Does anyone else with anxiety struggle to admit that they don’t know the answer to a problem or question??  Im in a corporate role with very unclear processes and procedures. Last year when I was suffering badly with anxiety and in hindsight was very unwell I made some poor decisions because I felt pressured to have the answers.  I’m determined not to do that this year, but as a people pleaser I’m finding it hard to say “I don’t know”. Other people seem to have no problems doing this but I compulsively feel like I should be the one to fix the problem - even if I’m not really fixing it!! Any thoughts or experience with this??",17.  UNRELENTING STANDARDS /  HYPERCRITICALNESS  (US),7,True
33NOQL7T9OZ7CW2H6LQ7G5CXGOZ8ZE,"<p>Okay so I knew exactly what to put before I started typing now my brain is even more scrambled. I don&#39;t what I&#39;m doing or why I&#39;m doing it, I can&#39;t tell if I&#39;m subconsciously faking it or if that&#39;s even a thing, I don&#39;t know if this is for attention but I really can&#39;t help how I feel and what&#39;s on my mind and why I can&#39;t stop it. I&#39;m scared I&#39;m frustrated I&#39;m lonely but I don&#39;t allow myself to show my emotion to other people. I can&#39;t even talk about it because when I do I either cry or everything that&#39;s coming out of my mouth doesn&#39;t even sound like myself. I was extremely depressed a year ago around this time and I missed basically my 9th grade year of high school and I have to do it again which i am doing this year. I&#39;ve struggled with depression since I was younger. And of course I keep my emotions bottled up . I can give more background information if y&#39;all ask for it but I&#39;ll get to the point of what&#39;s really bugging me now. Being black and complaining about life issues isn&#39;t a good mix cause we have this idea that we&#39;re stronger and therapy is for whites people and etc. But me I&#39;ve been stuck idk I&#39;m trying to get to the point it&#39;s hard I always feel like I have to explain myself fully so people will understand exactly how I feel. I get high a lot just weed So that may be my problem too, but like I&#39;ve just been feeling like empty, dull or idk spectating my whole life, I fantasize a lot about people I know or barely know or want to know and just make up long stories in my head. But everyone does that right ? If I&#39;m not doing that I&#39;m Contemplating on my homework and school I missing too much school and I can never say why I just stare at my mother while she yells at me she has come to the conclusion that hittin me does nothing anymore that has been stopped being effective. But like I will get all the work I need to do out and sit it right in front of my face and just stare at it debating with myself in my head . And I still won&#39;t do it. But I won&#39;t get on the phone or watch tv either because I tell myself I don&#39;t deserve it because this is what you should be doing but my body is just like &quot;nah.&quot; And than sometimes my brain goes f**k it and I watch tv or get otp. If this isn&#39;t happening I&#39;m overthinking about what to say in a conversation because idk what to say, I would think of something My sister would say or just anybody else so I can sound idk better ? But when I say that my one side of my brain disagrees and tells me What I as myself would say but I think it&#39;s dumb and I think the person would think I&#39;m dumb or weird because that&#39;s all I used to get called and all the time not in a mean way but growing up my sister (I have 2) they would make fun of me. But I&#39;m not the type to let myself get bullied either but I wasn&#39;t as mean as them I never understood how could people say mean things to hurt other people they care about so even when they hurt my feelings I didn&#39;t want to hurt theirs as much so I would just stop fussing and cry. And they really just think I don&#39;t care like nobody sees me the way i see myself . But I don&#39;t really know how I see myself and I&#39;m sorry I&#39;m trying to stay on topic. But anyway she like I was saying when I was high I would find myself holding myself and just staring into in deep thought like I&#39;m stuck and than I would have this feeling of reality like Aniya wtf are you doing and I would try to engage in conversation but it doesn&#39;t work because I don&#39;t really be knowing what to say and I force fake laughs to make it seem like I care because I do or at least I think I do. And if I&#39;m not thinking about that I&#39;m thinking about embarrassing moments in my life that has happened to me going years back or recent. If I&#39;m not thinking about that I&#39;m thinking about this me right here telling someone about my problems and then I talk myself out of it saying it&#39;s dumb, they are made up you&#39;ll be fine just keep pretending, but it&#39;s getting exhausting nobody understands my aunt still asks me or says stuff about last year my mother tells me I hope I&#39;m not going through my lil thing again because she doesn&#39;t have time and etc. And I&#39;m just so nice in a a**hole way though I try to be considerate of others feelings recently I have toughened up and stood my ground more tho. But if I&#39;m not thinking about that I&#39;m thinking about sex. And I have some secrets that I really want to tell people about that happened when I was really really young like not even doubled digits I think that may have had an affect on me. But I&#39;ve always been weird in a way idk my grandmother has Bipolar my mother and father are alcoholics and he&#39;s on some mental medicine. I don&#39;t know and if I&#39;m not thinking about that I&#39;m thinking about me comparing myself to others how people have been through so much more than me and I want to be complaining or how it could be worse and than the other side of my brain goes in therapy they tell you to not do that becaus everyone has there own problems. But let&#39;s be real some people are just seeking attention and need to be grateful and I think I&#39;m one of those people but why is this idea that something is wrong with me is stuck in my head . I don&#39;t feel like myself I never really did I don&#39;t know how to handle my emotions unless I&#39;m crying about one of my tv series or to a song I cry to myself because when I cry outloud I make people mad becaus I never say what&#39;s wrong just tears . I make a lot of sarcastic comments and jokes I&#39;m good at seeing things from a lot of perspective which is why it&#39;s hard for me to ask for help because I think I can help myself but now I just think I&#39;m helpless. Lately I&#39;ve just been thinking so deep my mind has just been racing about things to be mad about and when I get mad I can barely control I have to hit something to relieve myself bang my Head or something I shake I get hot everything is more intense. I&#39;m a small bit paranoid too Idk if it&#39;s from weed or from growing up with a father who mentally abused me and my sisters and my mother and physically abused my mother in our face . Plus he was in and out jail he is currently locked up but I talk to him still and tell him I love him because no one else is holding a grudge and he&#39;s hurting enough so why should I hurt him some more right ? Really I just been thinking about how I need some consistency i want a family dinner, someone to force me to do my homework, I want to be told I love you and I can say it back without feeling weird or uncomfortable, I want people to see me how I see me, I need reassurance but everybody treats me like I&#39;m dingy when I ask a lot of questions so I can make sure I don&#39;t get the wrong thing and make a mistake when they ask for a favor . And it&#39;s a lot more of just desperate emotions I&#39;m feeling . I just wanna know if it&#39;s real or not and can someone make it stop please I just wanna be like everybody else and worry about a boy and do my schoolwork like I used to I mean I never had to really apply myself in elementary and middle it was alll too easy but high school and I&#39;m at the best public school in my city it&#39;s hard, but instead of being overly obsessive about everything but still not doing what I&#39;m supposed to be doing . Honestly I don&#39;t what I mean please reply&#160;</p>",17.  UNRELENTING STANDARDS /  HYPERCRITICALNESS  (US),5,True
3MVY4USGB6N30QSGKF8QX198W54ISR,"I really need some advice? Or maybe just somewhere to talk.       I've been diagnosed with severe depression and anxiety feeling from last summer which has escalated, with no specific event I can think of that triggered it. Except that I'm a very high achiever to the point when anything but perfection makes me hate myself. This goes for university, how I look and act. It's very selfish. I saw my gp, I was prescribed citalopram which did nothing but make me ill. I then had fluoxetine and sertraline and they didn't help, I ended up in hospital after self harming and was assigned a crisis team at home.       A few weeks ago I took an overdose and self harmed. I was admitted and kept in hospital for a week. I've now been prescribed venlafaxine (sp) and again I have a crisis team at home.      I guess I'm scared because I feel like everything is pointless, I've had to stop going to university in my final year, I have a very supportive boyfriend who I feel like I don't know him any more because I can't connect. I have a crisis team coming to my house and nothing is changing. I can barely go outside, I got ridiculously drunk when I did just to cope with it. I feel like I'm wasting everyone's time or making it up. Like I'm seeking attention and I feel so guilty but I don't want to be in the world any more. I can barely sleep and I feel like I get brain zaps? I constantly think about ending my life and I can't cope at home but I don't think a psychiatric ward would be helpful to me because I'm not really ill. At least when I see so many ill people I feel so guilty for being this way. So what do I do? I can't take talking to people and when the home team come to my house I feel like I have to say I'm fine. It feels like im telling a story about someone else and not myself. I can't stand myself and I want to escape but I've nowhere to go. I just wondered when will this stop or I want to make it stop because my head is so busy and I'm so frightened of myself. I'm sorry this isn't really a question I just don't know what to do any more.",17.  UNRELENTING STANDARDS /  HYPERCRITICALNESS  (US),8,True
3MJ28H2Y1E8CQA586E8NONV2UUVO5Q,"So let me first say that i've been to london for work once again ,but in the same job after the first month i realised that i did not liked it there so i had to being stupied in order for me to survive for the next day.      So the time will fly and i will pay my obligations and go back home and that's happened after 7 months everything finished ,i stopped the job and went to this hostel was so nice i am still missing it damm..I already knew before i left that i will miss this place.      Anyways after so many months of thinking that i want to go home and relax now that i am here i cannot relax, maybe i am overthinking is my first day and is being tough for me because i lost the first flight and i had to wait for the afternoon to come and here now 4.40am and i cannot sleep....      I am having so many unwanting feelings i cannot relax that's why i am on pc,my pc it ease me down a little bit....      However there is this problem with my mind always thinking about future when a rough situation hits me,because the now is boring and i am not all that excited about it to tell you the truth, sometimes is nice when you do nice thoughts and find joy on it but when your thoughts becomes negative thinking about what i am going to do with my life, or how can i stay in london ,because i really want to and i have no skill and in order for me to develope something i might need like 2 years and i don't want that.....      I like so much london, the moment i came back to greece now , unwanted,painful thoughts, unsettled, and still my mind is there with the funny people in the hostel laughing and having fun.      So please tell me how should i live my life ? I don't know what's wrong or right and how to sleep in the night , lately i cannot sleep really well, and before i go to sleep all thoughts hitting me and i am so tense....      I don't know what to do i am just so sad i cannot wait the time to pass again and go back.",17.  UNRELENTING STANDARDS /  HYPERCRITICALNESS  (US),6,True
3ACRLU860NES3Z9SDAW4MX1G0OBBEA,"Hello Everyone,  I am just needing to touch base and get assistance from others in putting my thoughts in perspective.  My history involves sexual abuse from step father for most of my childhood. Unable to complete high school and constant bullying.  Today I am happily married with three kids and I’m trying to complete uni.  My goal is to become a teacher so I can provide extra income and take the family on holidays (single income family atm and life is hard)  I am reaching out because I feel like I am drowning in emotions right now.  I am stressed about finding time to complete 4 units this semester while trying not to panic about our financial situation.  It has become all to hard today when I received a low grade for my last assignment. Panic is now setting in that because I can’t achieve high grades I won’t be employed after I finished my studies.  I fear that I will find it hard finding a job because I will be judge by my abilities. It feels easier today just to quit.  I also feel like the enjoyment of learning has been sucked out by my constant need for perfection that it’s taking its toll. I find my self over analysing the question breaking it down and stewing on and when I get 65% I feel absolutely devastated.  how do you go through uni without worrying and letting it taking over your life?  I guess if there’s a crystal ball that will tell me that my future job outlook is not determined by my grades I would be slightly relieved but instead I constantly hear that many teachers that finish uni are unable to get a job. This makes me feel like that I’m in a flock of birds fighting for survival. I am doing this so I can provide opportunity for my family. The last thing that I want is to find my self jobless after 4yrs of blood sweat and tears!!  Well typing this has made feel a little better. But my inner self still feels  Iike I can’t succeed unless I achieve high grade still bothers me.  Look forward for any feedback or suggestions. I wish I had a mentor but I don’t. I feel alone in this journey atm.  From a newbie, developing daisy x",17.  UNRELENTING STANDARDS /  HYPERCRITICALNESS  (US),7,True
3Q7TKIAPOTAZO2H48SAEUIF0C6OLDE,"Might lose my full ride scholarship because I don’t think I’ll be able to keep the high gpa it requires.       Sends me back home to community college, disappoints my parents, my family. I come from a lower class/middle class neighborhood where a lot of the kids in my community come from church — they look up to me and don’t have any other examples (including parents) of people successfully leaving, attending and graduating from a 4-year college. I will let them down. Not only does it disappoint other people, it makes me so angry. The school I go to is a prestigious school, and if I leave I lose the opportunity to graduate from it, I have to go to school one year longer than I would’ve, I plummet into debt from the community college, bachelor’s and master’s degrees I hope to obtain, I go to a college that I have no interest in, and I disappoint everyone around me.       The depression doesn’t come from adjusting to my surroundings. I love my school and the enviroment. I’ve been dealing with other things that have pushed my depression but my potentially losing my scholarship sort of pushed it over edge.      I am exhausted and in so much emotional pain. It’s like the homework that I spend hours trying to study and complete ends up getting failing grades. And each failing grade that I get makes it more likely that I won’t be here next year.        I want to do good. But I have no motivation. The thought of doing work anymore is so daunting and exhausting. Maybe partly because I know no matter how hard I try I probably won’t be able to keep my scholarship. Regardless, I still try to get it done to the best of my ability.       I normally do okay on weekends. The last couple of weekends, I’ve been trying not to do any work whatsoever. I guess it makes it less stressful.       I’ve been getting bad grades and I’ve been trying not to let it bother me, but I pretty much lost it yesterday (when I got a failing grade from a subject that I’ve always done so well in, never got anything less than an A in since I started studying it.) I guess it served as a reminder that I probably will lose my scholarship.      I really just want to quit college, honestly, but I know I can’t and I know I really don’t want to deep down.       It’s just causing me so much pain at the present moment that it’s sort of ridiculous. It’s like everything I worked so hard for and was so excited for is just crumbling down in front of me, and even though the power is in my hands to change it, I can’t do anything about it.       I don’t know what to do. I can’t go to a medical professional and start on medication because my parents will know about it (Please don’t comment about going to a doctor — you don’t understand that situation and it’s another story in itself).       Can someone please help me?",17.  UNRELENTING STANDARDS /  HYPERCRITICALNESS  (US),7,True
3G5RUKN2EC3D9C788PLRLE0ZQG99NN,"<p>Hi,</p><p></p><p>My husband has depression and we have been going to phychiatry and therapist visits. He has been taking medicine and everything, but he still have depressive thoughts. It happens almost everyday but when he can have breakdowns or bad temper almost every week. When he has bad temper he doesn&#39;t become violent or anything so don&#39;t worry. However, I&#39;ve been feeling so depressed too because of him. I tried to do. everything. I tried doing housework, making him dinner, breakfast etc to make him happy. By the way I am currently earning like 5 times his salary so I am kind of the breadwinner in our marriage so he actually does not have to worry about money as well. I don&#39;t know what more he wants. I feel so tired and i don&#39;t see improvements in his depression. I feel very depressed or sad and hopeless whenever he is having his breakdowns. I am so so so tired and I don&#39;t know what to do. I feel like he&#39;s never satisfied and always looking at what I do wrong and always remember the wrong things I&#39;ve done or maybe become angry when I do something wrong. I wish he could just think about all the good things that I&#39;ve done for him and bypass the wrong thing I did. For example, last night, my blanket is all over the place. Clothes hangers are also on the bed. He couldn&#39;t really find a good spot to sit in and started to get angry by throwing my blanket to the floor and re-folded it. Whenever he gets angry I just feel so sad and hopeless. What should I do? I tried everything I could.&#160;</p>",17.  UNRELENTING STANDARDS /  HYPERCRITICALNESS  (US),6,True
3THR0FZ95PTQSZ8TY1OU5CRZGKVOLE,"I have treatment resitant severe depression/anxiety, ptsd and insomnia/night terrors.  I am have a laundry list of physical ailments and my med. case looks like a pharmacy.  I am soooo depressed and hopeless..it seems like every other week it's another illness/med to add...I am a prisoner in my own home most of the time, because of all the above things.  The thing that made me reach out is I am raising three grandchildren with my husband (who truly does not understand the mental side of it, but tries to).  They are five, seven and eleven...I can barely get out of bed, I do manage to give them all the care they need physically but don't feel I match up mentally, though we are all in family cousneling, the counselor does not know the severity of my problems.  Just like today..there is so many things I need to be doing, but all I want to do is stare at the wall, I can't stand it anymore, I really can't....the only reason I haven't killed myself is my second husband committed suicide and I know the fallout of that on the spouse and the children, and also there is nobody including my husband and he will admit it to you, to raise and nurture these three children, and they didn't get a choice of parent, and now they got me, I've raised the eleven yr old for nine years and her brother and sister their whole lives.  I feel like a burden and liability on the family between my numerous dr appts and almost five hundred dollars in copay on meds each month.  I have been fighting my disability for almost five years although every one of my psych. and med drs say I can't work, so we are five living on one income.  We can't even get food stamps to help because they only count medication cost per month if you are on disability...what??.  My ailments are none that I could have prevented or contributed to....so I'm like what ???  I am truly lost.",17.  UNRELENTING STANDARDS /  HYPERCRITICALNESS  (US),6,True
37J05LC5AXJTTCT457Y1E3288HJJDA,"I try so hard, but it's never good enough, today I have decide to not bother. what's the point, its always what is not done and not good enough. I don't want to be a work, its really hard to be there and just can't be bothered no more. Life just sucks, really bad, no one can help which makes me feel so alone, it me and my head, and I don't like it, I wish I didn't care it would make life easier. Even tablets and online CBT is not working, thinking of giving up on CBT, I have not got anything out of it, but what the point as nothing is good enough and will never be good enough.",17.  UNRELENTING STANDARDS /  HYPERCRITICALNESS  (US),5,True
3ZURAPD288NJWFRW6ONLY397QDZF1D,"I can’t move on from a past failure.      I wanted to be an actor. I went into professional training with bags of confidence. I now have no confidence at all. My three years at uni were three years of huge disappointment after disappointment.  I am a very insecure guy anyway, but when I get 68 out of 100, rather than feel happy, I naturally feel so inadequate when the person I have been working closely with gets 86. That is no exaggeration, it is par the course for me.      I spent two years of uni afraid and scared. This came across very badly and was reflected in sh*t grades. I then did another course outside, and that really boosted my confidence. I returned to uni ready to take on the world. I was in a play and really felt it went so well, was so satisfied with my performance. I then get the grade 15 days later and discover it was one of the worst performances I have ever done! It was a huge psychological blow that two years later I am still not over. The fact that I thought everyone was cheering me and they were probably laughing at me. It was just so out of line with how I thought I was doing to how I was actually doing. I managed to improve in the later plays, but I never got 70. I got 68 twice and then that was it. Uni was over. Never can I ever make up for this.      I have been carrying this with me every day since. I have achieved a bit since but the shock of that play above means I will never ever go into any play with any degree of confidence. I will always go in thinking I am s*** as the last time I thought I was good, I clearly wasn’t.      I don’t think I can EVER get over this.      [b]Emis Moderator comment: I have edited this post due to the swearing. These are open forums so as per the T&Cs please do not use offensive language in posts otherwise they may be deleted.[/b]",17.  UNRELENTING STANDARDS /  HYPERCRITICALNESS  (US),8,True
32W3UF2EZOLTL24524GMOVV75KHC4C,Like Don I don't seem to be getting much better.  Everyday I wake up hoping to be better but I am not.  I know that the meds are working to a certain degree.  There are times I feel ok.  Mostly in the evenings.  Insomnia.  Perhaps I get 3 or 4 hours sleep.  No motivation.  Have to push myself to do anything.  Yesterday I was a couch potato just watched House on Netflicks all day.  Sweating was at its worst yesterday.  I know that there isn't much to respond to.  Perhaps I should change medication but having invested so much time since April 11th.  25mg for three weeks 50 the same 75 same now 100 2 and half weeks I am hesitant to do so.  My dr suggested upping to 125 mg.  I think she wants me on 150 mg.  I don't know what to do?  I find I am still withdrawing a bit I think I am a tiny bit jealous of my friends who seem to be happy and enjoying life so it is hard to be around them.  The happiness doesn't spread just feel envious.  sounds awful I know.     Ilynda,17.  UNRELENTING STANDARDS /  HYPERCRITICALNESS  (US),5,True
3KTZHH2ONIF7DP3YRW0D83GO1KHM8B,"The old saying 'the calm before the storm' genuinely relates to depression. You can go weeks even a month or two without feeling its deadly grip around your limbs, dragging you down into a pit o self loathing and suicidal thoughts. Those weeks of freedom are the best, you smile, laugh and experience new adventures. But every laugh and smile is borrowed time until depression needs to feed on your misery and cripple the foundations of your life.       I've been suffering from depression since I was a kid and it took my 24 years to realise this. Those days when I would sit in my room, playing the black swan routine of being rejected by my brothers, sister and parents, hurting myself in ridiculoously childish ways. I used to lock the door and cry, pray for God to save me from their hell. Then I get bored of crying and slam my head, or hand or foot into the wall, to feel another pain and lessen the one of rejection. I thought breaking my leg would get them to change, so I would bash my foot with heels (even contemplated hammers) and ironically when I did break my foot, nothing changed.       Suicide was attempted on many occassions, each time I was grateful I never succeeded; but months or years later I was back to trying again. The last attempt was probably at 14 years old, maybe even younger, I would wrap a scarf around my neck and tighten the other end of the scarf on my bed. I'd lean forward with all my strength and slowly suffocate. Everytime near blackout, I would stop. Promise myself a better life and to never feel like that again, but depression always caught up with me somewhere, somehow.       These days those attempts make me sad mainly because they were a cry for help, help in which I never received because no-one ever found out or even knows to this day how miserable I was. I would be that happy go lucky popular child at school, laughing and having a great time while there, but absolutely broken when at ""home""; to this day I hate the family house, sometimes I cry knowing I have to venture back there and other times I just harden my soul to their negativity. Although I do believe this all strengthened me somehow. They made me realise I have control of my life, I can choose to exist or die within an moment; I have the control to make myself happy or sad. Sometimes depression doesn't allow you to choose, it will take over and tell you how you'll feel. BUT there is always a small window of hope lingering in the corner of your messed up mind, always somewhere to escape the depths of one's hellish mind.       I found my escape route, after almost a week of crying, hiding and wanting to die, I found my route out. It starts today, by writing this I have exposed the demons, I remember all the ambitions I have neglected and the people who love me that I have pushed away out of anger or saddness. He came back and lectured me last night, he was upset at being pushed away but understood I needed a few days to hide away from the world and not live. He told me he adores me and my success or what I call failures will never stop him being there for me, because my tendancy to succeed is greater than my self destruction. He doesn't know I have depression, probably thinks its just 'that time of the month'. All I could reply was 'I love you'. I've said that to him before, I didn't grow up in a household of hugs, rainbows or emotions, so it was a huge step for me. He never said it back, instead he carried on lecturing me. This made me momentarily sad, but I realised that I said it because I genuinely feel that way. The moment was significant to me and I will never forget his supportive words for as long as I live, because reading them just made my heart scream words it never has. I know how he feels about me and when he's ready he will say it back, when the moment is signficant for him.      In conclusion, its taken my 24 years to realise I can't allow myself to view my damaged past as an obstacle anymore. The young me that prayed for a better life deserves to achieve that and I deserve to give myself the patience required to achieve my goals. Forever hung up on not having the perfect job or my own place to live, not having a childhood or understanding how some people have perfect families when mine only brought me mental, physical and a past full of pain. I won't achieve my goals of a better life today, tomorrow or next week; but today I can set the wheels in motion to pave my own yellow brick road to a better life!!       Depression you are a leech that is likey to always suck the life out of me, but I have the control to see you coming and make the changes I need to ride you out. I'm doing it for that little girl who thought breaking bones and attempting suicide would bring love, happiness and a life. This adult girl now knows that such things only come with believing I can conquer anything thats thrown at me, maybe not in the moment but eventually!       To my fellow depression sufferers, find your escape route and get digging. Sometimes you'll feel the sweet nectar of freedom for a day, a week or even a month, but everytime it's worth it! Never in my life did I believe I deserve happiness or better than the hell fire of depression; TODAY I believe I deserve it more than anyone because I won't go down without a fight! I won't be that little girl again and I won't sit back and let depression kick my ass as my hateful mother did. I've found love, something only fairtales taught me. To know you can feel something beautiful in the midst of depression, whether its for your partner or a child or even your favourite food or book, it will change your perspective on yourself!       We must learn to love ourselves, including our dipfall of depression in order to understand our woes and put an active foot forward to make the changes needed to better ourselves. Depression has stolen too many amazing people in the world and I won't allow it to claim me!      Life is worth living, whether its through rose tinted glasses or through the saddness of broken dreams, because once it's lived in a way compatible with your own version of happiness there is no stopping you in achieving your dreams whatever they may be!",17.  UNRELENTING STANDARDS /  HYPERCRITICALNESS  (US),6,True
3KWGG5KP6J29PSTB88GIAPC7RB2MCH,I worked as a nurse for 10 years.. long term care.  Do to being understaffed and overworked .. I broke.   Had a major breakdown.. was also in an abussive relationship at the time.  Left the job.. the guy.. showed up on mum and dads doorstep with a black eye and all of my stuff crammed in my car.   Been lost ever since.   Tried anti depressants.. 3 to he exact and none helped just made me want to kill myself more.   I'm from a family of over achievers.  You can NOT fail!   My brother is a police sargent.  Has won awards.. the whole bit.   I have been off for 2 years trying different medications and feeling worse with every one.   My latest adventure was trying to clean houses for minimum wage.  I'm 42 btw and .. I came home in pain most days from carrying 3 vacume cleaners up and down stairs all day.  Needless to say.. I respect the ladies that can do this job.. I got let go because I wasn't doing good enough.  To be exact my boss let me off at the side of the road in minus 20 weather saying I suck.   I don't want to get out of bed.. I feel like .. if I can't even clean a house good enough to survive.  what good am I?!?,17.  UNRELENTING STANDARDS /  HYPERCRITICALNESS  (US),6,True
3CMV9YRYP31CROHWIOWPXGADHQLJLQ,"<p>Hello</p><p></p><p>&#160;</p><p></p><p>I am 23 years of age. I am severely suffering from some unknown disease. I often feel like I am good at nothing. I avoid talking to people because I think I would sound stupid to them and they even won’t listen to me because I am stupid. I don’t have any friends to talk to. I don’t have any hobby. I don’t have any gf to talk to. I feel like I am worst and no girl would even talk a stupid guy like me. I also feel that no one will ever marry me because I am the dumbest guy on the earth I often wonder why I feel like jumping from a tall building or running railway. I know that I won’t do [b]suicide[/b] for sure( Trust me I wont) but still occurrence of [b]suicidal[/b] thoughts in mind out of nowhere is really irritating me. I know that it can be attributed to a mental state of severe depression. To pacify these feelings, I prefer to eat a lot and sleep (the only time when I don’t think of all this s**t).</p><p></p><p>&#160;&#160;&#160;&#160;&#160;&#160; I have constant headache and eye pains. I feel tensed to talk to my classmates because I feel I may sound stupid to them. I am caught in this vicious circle since last month and I often cry a lot almost every day.&#160; The conditions are worsening day by day. I also get tensed while doing smallest of the things.(Example:1. I feel very tensed while I am in ATM because I am worried about whether money will come out or not!!)</p><p></p><p>&#160;&#160;&#160;&#160; I haven’t share this with anyone as I know I have no one who will listen to my sad story. I also don’t want to bother my parents. They want me to make them proud which in turn is not being possible as I am unable to deliver to their expectations. They are very careerist and want me to be on top always . It is not getting possible for me to stand up to their expectations. I don’t want any words of sympathy from anyone because I don’t expect them either from anyone. &#160;I can’t tolerate this anymore. I please help me out.</p>",17.  UNRELENTING STANDARDS /  HYPERCRITICALNESS  (US),6,True
36FFXPMST9OO63P37G9WDKYSZ3MHO0,"I've suffered with depression since I was 15, now I'm 30. This pain is crippling, I have no other words or energy to describe it.   I want nothing more in the world than to get better. But I'm scared to. Because I don't know who I am.       During the key stage of character development I've been depressed. I've no idea who I am? When my depression lifts (hopefully) I'm going to be nobody. A stranger to myself and everyone else. I'm just so scared about not knowing me. Because I've never actually developed? I don't know how to become. Hope this makes sens",17.  UNRELENTING STANDARDS /  HYPERCRITICALNESS  (US),5,True
38DCH97KHH2NILX9AT4LE297RW8JQF,"Hi everyone ,i'm 23 years old girl i've been battling with depression 3 years now and i was on and off with cipralex and other medication, my improvement was remarkable in the last year,,i was so cheerful and hopeful, realistic and amazingly satisfied with my achievements and overall myself i have reached to the highest levels of confidence that i've been envied a lot about it, i was so in peace with my ""middle eastern"" culture,   so after a whole year of taking the cipralex i ceased it gradually but in that time i was having major changes in my life and i'm not good with any kind of changes, but I stopped taking the medication anyway and now i'm literally in hell ..i am dying and i want to die ,, i'm so confused and i'm so sad, and the life i'm living now is in the extremes , i wake up one day and i'm so so so so excited and happy cheerful and energetic and i swear i become ready to even clean the city's streets, and the next minute second or sometime day i become the most saddest person on earth. i barely go to work and often i don't..i become too angry at the world and i start to talk and talk sometimes i feel like my words are not saying what's on my mind and get angrier, mostly i have such problem solving in this phase like i start to talk about some educational problem and then i start to solve it with over excitement mixed with anger , or sometimes i become so sad and quiet and crying the whole day for no apparent or rational reason except my jealousy of my fiancé's achievements and i feel like i'm stupid and worthless and spoiled and the dilemma of ""you're woman"" in my culture..   and now i feel so self-steamless..i get easily embarrassed for silly things at work , like when my preceptor will correct me ""i'm an intern"" or i do something wrong he's so nice and say it with humor but my face blushes then i get nervous about it then i try my best to hide it which is so embarrassing. i feel now like i'm inferior.. no matter what i don no matter what i say i always suppress myself and i don't know why, i've tried to write down the things i appreciate myself about but it's not helping..i can't concentrate i feel like there is a dark black cloud in my mind preventing me from thinking like literally having difficulty to run my daily routine lately i don't know what to start with i'm losing my time management skills and I can't concentrate in writings which I was prefect at, i get easily distracted like at work the treatment area ""the gym"" is open for all the patient I forget about my patient I start to look around at the other patients     i feel like i'm prisoner of my mood swinging i'm really tired i'm so tired and exhausted of it..   i know it's typical kind of feelings to feel in this age especially when you about to make critical decisions in your life..but honestly it's so hard and I don't know if I'm really mentally ill and I need help again, or just I'm making it up because I want attention or trying to find excuses for myself to be ""lazy"". please help me..      Sorry about the grammar or spilling mistakes",17.  UNRELENTING STANDARDS /  HYPERCRITICALNESS  (US),6,True
38B7Q9C28G552R1G98ZAJ3EDVQK96D,"I've suffered with depression since I was 15, now I'm 30. This pain is crippling, I have no other words or energy to describe it.   I want nothing more in the world than to get better. But I'm scared to. Because I don't know who I am.       During the key stage of character development I've been depressed. I've no idea who I am? When my depression lifts (hopefully) I'm going to be nobody. A stranger to myself and everyone else. I'm just so scared about not knowing me. Because I've never actually developed? I don't know how to become. Hope this makes sens",9.  FAILURE TO ACHIEVE  (FA),3,False
335VBRURDJ09F6UVFQI8VR6QCO89EY,Hey guys I’m 16 years old and my mom is 50. Lately I’ve been terrified about her dying. I know it’s going to happen one day and it kills me to think about. I cry daily and I feel terrible. It’s all I think about. I can’t even enjoy time with her cause I’m so scared of losing her. She’s my best friend and the only one to comfort me. There’s no one I love more than her and it’s killing me inside. Time passes eventually and my mom will be gone. It’s so scary to think about it’s really impacting my life. I’m hopeless. I just started Zoloft but what can that do. I’m worried about the inevitable:(,9.  FAILURE TO ACHIEVE  (FA),3,False
3J5XXLQDHMB42FR1T7684IRQCR13VH,"I have long term depression and I have been barely functioning for years but getting through.  I've held down a job for 2.5 years but fired yesterday now non functional.  I have been on Citalopram for 5 years not working but GP not responsive to changing it.  Today while breaking down at doctor she switched me to Prozac.  I can barely move or breathe.  I have 4 kids, my husband had to leave for work today so I'm alone.  I don't want to hurt myself but I also don't want to be awake.  I wish they'd checked me in today so I could get good drugs and sleep.  I can't stand the minutes taking  hours and I can't sleep.  I'm so embarrassed and feel like a failure and love I've wrecked my kids lives.  My work wants me to come in on Monday because of the gross misconduct as an investigative interview.  How will I do that?  I have no idea how I'll get to Monday even.",9.  FAILURE TO ACHIEVE  (FA),7,True
3BA7SXOG1JQYA5GQW4WUU2AY77G8RL,"I have had enough of feeling like i do, I have been suffering with depression for 9 months, I had a spout of depression about 4 years ago but was able to sort myself out without meds. this time i was on flu for 5 months which turned me really nasty and short tempered, I have been on mirt for 4 months and have lost the nastiness but depression is no better at all. I find with Mirt that i spend to much time asleep or tired, i struggle waking up and when i do get up i have no energy, i guess this could be the depression.      I find myself upset so much and get upset so easy, anything can set me off a song, a picture, a place anything at all.  I found myself having an argument with my mum today and all she was doing was trying to help me. I feel like such a failure to my parents, brother but most of all my son.  If it wasn't for my son i know i wouldnt be here today, but everyday i question why i am here and maybe he would be better off without me here.      I just dont want to be like this anymore, i know it isnt easy to get out of depression and it takes work and everything, but i dont know how to get better.      sorry for going on, i dont even know if any of that makes any sense, i'm sorry if it doesnt.      Ryan",9.  FAILURE TO ACHIEVE  (FA),5,True
388CL5C1RJNG0IM6UOT4L3UY4YHLHN,"<p>Hi all</p><p></p><p>sorry for lengthy post but feel the need to give a bit of background. &#160;I have had postnatal depression before, after the birth of two of my children. I recovered but have been on and off medication since. &#160;My dad died 6 years ago and I took a bout of depression after this. I was put on &#160;citalopram and they helped me so much. Sometimes I think the anxiety I had was as bad as the depression, if not worse. About 3 years ago I came off the tablets and had been my normal self up until about a month ago when out if the blue I took a panic attack and things then kinda escalated. I am now back on 30 mgs citalopram (started off on 20 for 2 weeks and 30 last 5 days. &#160;I know that medication alone doesn&#39;t take this away &#160;and you have to help yourself too. &#160;I always felt the medication gave me what I needed to help myself if that makes sense. &#160;However the past 3 days have been really bad, feeling so hopeless - extreme fear that this will never go away and I will go crazy. &#160;I am trying to think positive but it&#39;s just not sinking in. Am worried the tablets won&#39;t work this time. I am eating but not enjoying my food. Sleep is very poor also. &#160;I just feel I am making myself worse and can&#39;t stop myself. &#160;I am trying to ignore negative thoughts but can&#39;t always do this. I just feel as I have been through this before I should know better and should be able to stop myself getting into such a panic. I feel such a failure. &#160;Has anyone else felt like this.</p>",9.  FAILURE TO ACHIEVE  (FA),7,True
3JY0Q5X05J6MEUDUZRE6NBDPTHIGGD,"I'm a 17 year old girl and I feel completely useless. I've nearly finished my first year of college and I only have two friends (who I've been friends with for 3/4 years). I wanted to meet new people at college, and whilst I'm fine with chatting to others in the classroom, I've found it virtually impossible to build a close bond with anyone. My friends haven't had anymore luck than me, and I feel like it will only ever be just the 3 of us until I (hopefully) go to uni. We meet up sometimes, but even then it can feel boring as (I like them but) they're quite negative people to be around. So I basically have a rubbish social life.   It wouldn't be so bad if I had a job as that would keep me busy, but I have NO confidence in the workplace whatsoever. I tried out for a couple of jobs last year which went horribly wrong. First, a cafe - I got turned down after the first day because I didn't ""flow right"", even know my friend who works there said they hire literally anyone. Then, a pet shop - I struggled to work the till, got confused about vauge instructions, and apparently spent most of the time trying to keep out of the way at the back of the shop, and these things lead me to getting fired in the first week. After these incidents, I'm anxious about work and my future altogether as it's apparent that I'm more hassle than help, and I don't believe the average adult would be patient enough to not fire me. I think a big part of it is down to me not being able to complete simple tasks quickly (possibly because I'm dyspraxic).    So I spend most of my time at home feeling lazy and like a waste of oxygen. My parents want me to be confident, go out, and get a part time job but I just don't know how (plus I live in a village where there's a handful of cafe's and restaurants to work at, but I know I'd be terrible at these kinds of jobs). My mum says I just need to be proactive and that I have a lot going for me, but I've always been dopey and slow so I don't think I do, and I get frustrated. I just feel embarrassed about how I live my life as I know others like to look down on lazy people like me, and even know I do like to be alone, my lack of a social life is making me feel depressed.    Thankyou for reading.",9.  FAILURE TO ACHIEVE  (FA),8,True
3566S7OX5DJ6HMCQO5P9ABWQSPG711,Life is sh*t! end of!!!! I give up!!!    Get a little teaser every now and then to make me feel things can get better but....nope!    It's all rubbish!!! Always has been and always will be!.....I'm done!!!!!!,9.  FAILURE TO ACHIEVE  (FA),6,True
3ZQA3IO31BRD2S4P5R6BLXILIEQO18,"I hate my self, I feel stupid ,hopeless, useless and I really hate my self for that.I ruin everything. I’m not good at talking and expressing my self . I hate people I wish that I could live my life without interacting with anyone and I feel every one hates me       im not confident , I never speak my mind, share my thoughts because im afraid I’ll be judge, I hate people judgment , I always agree with the other part, I feel that they are better so they are not wrong.      I feel hated especially these days I feel like everyone hates me, even from some family members but maybe thats just a feeling      I feel like i failed as a big sister to my younger sister because im so stupid, I feel like I'm undependable, it hurts me to think she can't talk to me about her problems and it hurts more if she did and I couldn't help her/comfort her because I just suck. I cant get the thought or fact that im stupid out of my head and i feel like it made me more stupid .I feel that i can't focus during lectures and i cant focus on reading anything and I feel like crying a lot        I’ve heard the word stupid a lot  * I once cried cuz someone called me stupid in a game” i know this sound stupid but I cant help it, maybe because it was the first time a stranger said it to me,but it was like a confirmation of my stupidness and uselessness      I would cry after a gathering with people because I did something stupid and I won't get over it for weeks. I think sometime I avoid hanging out with my friends. it would kill me if for example my sister says her friend wants my number to ask me about something       I worry and over think too much. im tired of this over thinking , I wish I wouldn't care about anything, not about what I will say , what they are thinking of me , wish I was confident to speak up for myself. I want to live at ease.      Im 20 years old female",9.  FAILURE TO ACHIEVE  (FA),6,True
3DW3BNF1GHIQ3CX75O14VZZ1SDT8VE,"I’ve recently found myself in a deep depression that i haven’t been able to pull myself out of. My grades have slipped and i am in danger of not graduating because of my lack of competition of my assignments. Mentally I’m so drained and i cry every night until like 4 in the morning because I’m just so exhausting with life and it hasn’t even really begun. I got into my dream school and i have to decline my offer because of the financial aid. My parents do not want to help me and refuse to sign for my loan, which they have to because i have virtually no credit. My mom is upset that i am not happy to graduate even though it means nothing to me anymore because i can’t do anything that is important to me. She acts like it’s an accomplishment for her to because she said she “supported me emotionally”, even though she was never there when i asked for help on assignments and refused to believe me and only called me lazy when i told her that i was having difficulty in school. I had terrible Adhd which was diagnosed, so now I’m just a wreck and i resent my mom.",9.  FAILURE TO ACHIEVE  (FA),6,True
36MUZ9VAE62LIW7CR6NAHNPG39NEDK,"Last year I was doing well in school and even got some awards. I could tell that I was happier then and my grades definitely reflected that. At the beginning of this year I had my first few assessments and I did not do as well as I thought ~ 70 for each unit. As the year progressed I started seeing my grades plummet to the 60s and 50s. And for the first time, I failed a few aswell. I still fail to study more in my room and instead resort to video games because I am too sad to write something or solve anything. I don’t know how to get back on track.",9.  FAILURE TO ACHIEVE  (FA),7,True
3S1WOPCJFGTYLI74129LKLKT8TKEJY,"<p>I hate life , I can&#39;t stand people . I try to be nice, understanding , happy and cooperative . I try to be mature caring adult , but somehow all my efforts go down the era with a single mistake. I&#39;m tired I really am , why am I alive , why do people have it better than I do? And they are the ones usually making hard for us. I&#39;m trapped , there isn&#39;t much for me to do . I truly feel hopeless , I don&#39;t want to live . I try to smile and forget until the closest people to me - my dad remiss of how flawed I am , how I do nothing right, of how I am a burden on him . I don&#39;t want to be the burden you know , I just want to die and untie him form any reponsibility towards me. One less child, less headaches and heartaches . There is no point in living this miserable life , it is awful, and unfair &#160;and nothing comes out of it . I really don&#39;t care what comes after life it&#39;s already the pit hell down here.</p>",9.  FAILURE TO ACHIEVE  (FA),7,True
3511RHPADVETPC09QT5YZ7W4R7FLRK,"I am 14 years old and I have been really depressed since about a year or two ago. i am bullied at my school and i feel so worthless to my parents and teachers. I always try to pay attention in class but my mind gets caught up in other things like my thoughts which most of the time are negative, my grades are dropping i am usally an A/B student but latey since my depression has gotten worse i barely have the energy to get out of bed in the morning and i dread school and socializing sometimes ill get a burst of energy and feel good for a couple of days then its back down to the low and most of the thime its even worse than before. The only time I think i am truly sorta happy is when i am with my three best friends who understand but they all are in the same boat as me. About a year ago I had really bad suicidal thoughts and I started to hurt myself because it seemed like the only escape from the words and all the things i thought then my family found out and they sent my to a therapist who tried to get me to admit that i had tried to kill myself which wasnt true i had thought about it but i never went through with it but now i really wish i had. I just started high school and everything is so much worse i feel so useless i never talk to anyone usally unless i know them or i have to. i always head to the back of class and if people ask if anythings wrong i just lie i feel like i if people saw what was really happening then they would just make fun more. i feel so helpless i feel like its useless to go on breathing but for some reason i do. My parents dont get it they just say that my grades are unexceptable and i should be better they say that im just not the same but they never ask whats wrong or even try to listen they are to caught up with thier lives. my mom works all the time and my dads a pastor the last time i got low they said the reason was because i wasnt being a good enough Christian they never even tried to ask what was wrong my sister was the one  who convinced them i needed help but i cant do that anymore i just feel useless and stupid for not making them happy but how can i make them happy when im not happy. i know that my life could be a lot worse but i feel like im living a lie like noone ever sees my face just the mask all the time and everyday i feel like i cant ask for help because everyone says if you do that youre looking for attention but i need to do something i can barely go around school without feeling dead",9.  FAILURE TO ACHIEVE  (FA),7,True
3LG268AV386FJ6QH97IUMC6KIAEERQ,"<p>I&#39;ve always felt like I was a happy go lucky person. After a series of bad things that happened to me, mainly a horrific relationship I now find myself having these trigger moments where the World begins caving in. Work is bad right now. My numbers are off and the pressure is on daily. I start to drift mentally under the pressure. I feel like a loser. Everyone is married and has a family. My siblings are absurdly successful. Here Iam in the same place I was 9 years ago. Leave my job right? I love it when people say &quot;find your calling&quot; well that would be awesome if I could just decide what that was. Instead, I feel like I&#39;m trapped in sales forever. Going back to school for the one thing I found interesting I found that my undergrad grades would make it nearly impossible and the cost would be over 100k. That&#39;s not doable at my age. So here Iam, hating my job, feeling worthless, feeling trapped, feeling like a loser, a disappointment, an idiot, like I&#39;ll be alone forever because I know that as long as I feel stuck in my professional life, I can&#39;t possibly be good enough mentally to be ok with myself or anyone else. I started really nasty habits of comparing myself to everyone. All of these things reinforce my feelings of failure. I have trouble sleeping and I&#39;m irritable. The days crawl by and the worst are Sunday nights. I feel like I screwed up my life with my own complacency. And even when I think of change, I get terrified of the unkown. It paralyzes me. I don&#39;t feel like I&#39;ve ever been great at any job I&#39;ve had. I hate this feeling. It makes me just want to sit at home and be by myself. I know that&#39;s not the right thing to do but I just find it hard to be &quot;on&quot; This is depression isn&#39;t it?</p><p>&#160;</p>",9.  FAILURE TO ACHIEVE  (FA),7,True
3DTJ4WT8BDFOLXC8JOC78F8JRRXEZJ,"<p>So.. Hi everyone. I&#39;m 18 (male) and as the title says I&#39;ve been depressed for over 3 years. Yeah, The high school is psychologically hard.&#160;</p><p>I&#39;m not being bullied.</p><p></p><p>Never had a girlfriend or a near person with whom to speak to.&#160;</p><p>I do have friends, if we can call them this way..</p><p>I sometimes hang out with them, when my parents give me money, just to get drunk.</p><p></p><p>I usually feel a complete failure and especially useless.</p><p>I often think of suicide, like daily..&#160;</p><p></p><p>These years have thaught me some things, the most important of them is that I do not really like people in general. I can&#39;t stand them and their habits, sometimes neither my parents. I really like to stay alone thinking about me and my future, I&#39;m anxious about my future.</p><p>Maybe I&#39;m a narcissist or maybe not..</p><p></p><p>I thought to book a visit with the school&#160;psychologist, many times, but I never actually went to ask for one.</p><p></p><p>I don&#39;t consider myself as &quot;ugly&quot; or a &quot;weirdo&quot;.. &#160;I think I&#39;m good looking.</p><p>Girls stop talking when I pass near, don&#39;t know if they like me or not.</p><p>But I don&#39;t really care, I ignore them and keep walking minding my own business.</p><p>Sometimes I think I&#39;m&#160;asexual.</p><p></p><p>The things that make me feel a bit &#39;useful&#39;&#160;are usually marks, just for a moment until I realize That they really don&#39;t say or mean much ..</p><p>I love music, R&amp;B (today&#39;s), metal and some rap.</p><p></p><p>Maybe I went a bit off topic.</p>",9.  FAILURE TO ACHIEVE  (FA),7,True
3W9XHF7WGKVVLLVJ9IYSKMK7QS7TK2,"<p>After passing my 12th std I dropped 1 year for cracking medical entrance exam but failed then I got myself enrolled in bsc , in which I got a backlog in 1 st year and now college authorities are not allowing admission in 3rd year(final year) bsc. My whole family is angry with me ,I am turning 21 next month and I don&#39;t have any skills,degree or job.I feel lost.</p><p>I am not even able to sleep ,  and it feels like ending my life is the only option left for me.I am the black sheep of my family, I feel lonely , hopeless n of zero worth for me and the people around me.</p><p>Help me please.</p>",9.  FAILURE TO ACHIEVE  (FA),7,True
34HEO7RUG6UCTT95T2G8QTGTXVGRA8,"I can't remember the last time I had a really good day, where I wasn't caught up in my thoughts! I'm struggling with work daily, constantly worried I'm not good enough and I'll be caught out for doing something wrong. I want to leave and start a fresh but can't, I feel so trapped. I don't even know what other job to do if I did leave, I just feel I'm rubbish and stupid at everything!!   I feels so disconnected from life and constantly compare myself to others is this linked with depersonalisation.   I just want to feel normal again!!!",9.  FAILURE TO ACHIEVE  (FA),6,True
3BJKPTD2QCCH8P8EZ27PLY6LLK1TRV,"Hello, I am 22 yrs and feel down since few months.   I am just realising that me and my life are just pure failure.   I have fell at everything I have done, never were able to finish things or just gave up. At that age I should already be almost done with studies, but no, got a job here and there, tried to learn at the same time, but it appears that my trend is failure.   Life hasn t be great, was 9 years in a foster family, where I was constantly under supervision. Then I was send back to my alcoholic parents who were living in another country. I was never able to integrate myself there. I was weak and naive, my so called ""friends"" droped me.   This is where failures started to be normal. I am questioning myself these days, I believe I have a problem, depression or mild retardation.   I was diagnosed with dyslexia once, but I truely believe the probleme is deeper than that. I can t concentrate, can t learn, it takes me forever to do things, such as writing this. I can t build construtive thoughs. My theory is that I got brain injuries as a child. Due to anxiety I started to headbanging around 3 year of age, and still do it sometimes.   I don t have any good friends and no girlfriend. I have no interest in anything, I am laying in bed and procrastinate on my laptop. I have no passion. I have tried to get out and socialize but have hard time, as cold I am. I can t hold a conversation with anyone, I feel retarted....,,   Everything I do has to be analysed. Than when I try to read I can t understand anything, can t condense information or relate it. Can t think logically and rationally. I am extremely slow in processing.   At the end I feel completely neutral, I feel like a debri that ramdomly travels over the sea. I Just let things happen.   What s wrong with me?",9.  FAILURE TO ACHIEVE  (FA),7,True
3PA41K45VN49YEVS970ZB7EOV5MP7N,"I've never accomplished anything, in my entire life. didnt finish high school, couldnt finish Basic Training, every relationship i have ever had has ended with me miserable (not normal miseable either. of the six relationships i  have had in the last 5 years, 3 of them ended becuase she got 'bored with the game'.      ​My new puppy is at the vets, with severe head trauma from being attacked another dog, another of my dogs was also attacked and will most likely not survive the weekend. My other two dogs, one is 13, the other is 8 and has liver cancer.      ​My parents and siblings blame me for having schizophrenia, becuase they think its caused by drug abuse. The best job i  ever had was scrubbing toilets at  a retail center. I'm losing my house becuase my SSDI cut in half without any explanation.  I can't find work becuase everyone in my area knows who i am and about my Schizophrenia becuase of my big mouthed little brother.      ​I'm 26 fricken years old, and ive done absolutely nothing with life. I fail at everything i set out to do, i cant even walk a dog without screwing it up somehow.      ​So what point is there in continuing on? I've got nothing important in my life. Nothing. No diplomas, no kids, not even a friend. I spend my days sitting at home, becuase even though i have 'friends' they only seem to remember i exist when they need money.      ​I've talked to others about my depression for months now and theyjust keep telling me to get over it. Even my shrink says im just exxaggerating, that its not as bads i say it is.      ​Wouldnt that be a message and a half to leave my brains painted on the window of the mental crisis center that has ignored me for the last 4 months?",9.  FAILURE TO ACHIEVE  (FA),8,True
307FVKVSYRFN9L99BN8B893T49Q74E,<p>Woke up feeling really depressed. I&#39;ve been feeling good for a while with the help of medication. I can&#39;t work out what&#39;s changed all of a sudden. </p><p>I&#39;ve now turn my phone off so no one can phone me and I feel anxious about going to work today.</p><p>Need help before I fall to deep.</p><p>I&#39;m scared I&#39;m not going to recover this time.</p>,6.  DEPENDENCE / INCOMPETENCE (DI),3,False
338431Z1FLF1VX363LLQRO0YMCKOR4,"I don’t know where to start, to the outside world I have a great life, a new fiancé, building a house and a successful career all at the ripe age of 28. On the inside I am struggling every single day, struggling to put one foot in front of the other and finding less and less reasons to carry on.  I want help but I’m afraid. I’m afraid I’m not ready to talk about the trauma I suffered as a child. I was abused from the age of 7 to around the time I started high school by someone so close to me that should have protected me. I’ve blocked that part of my life out so much throughout the years that I’ve been able to manage to live a ‘normal’ life. This secret closes in on me at times and sometimes I cannot pick myself up. To make things worse I have to endure seeing this person at all family events and pretend like this never happened to me. It’s devastating how alone I can feel.  I’ve always felt like it was my responsibility to keep this secret to protect this person. I don’t want to ruin family relationships over this. It’s only the last couple of years I’ve started a path of internal destruction. I’ve hurt people I love, I’ve betrayed people I’ve kept secrets  I’m feeling lost and I want to take the pain away, I feel like I don’t deserve love and all I do is hurt people I love.",6.  DEPENDENCE / INCOMPETENCE (DI),3,False
3J9L0X0VDFM3W6GM0QCEHXDQJSD9WE,"I am new to here, I suffer bad from sad, I had a break down in 2010 and was put on citalapram 20 mg continued until March this year when I slowly came off them under my doctors guidance, now October, I am irritable tired dreading the dark nights from this weekend when the clocks go back, had a holiday last week on the Isle of Wight, my mood was at an all time low, just couldn't be bothered, was in my own little world, I am going to see my doctor next week has I think I require my tablets again, I was great in the summer without them, but I can't cope, light therapy doesn't suit me I tried it.",6.  DEPENDENCE / INCOMPETENCE (DI),3,False
3IQ9O0AYW6Z4FQ5V9FDG765UYOITIR,"Hey! I just started using an app to aid in my recovery and I just wanted to share it with you guys because it's been insanely helpful. I haven't really had clinical help and dealing with this on m own has been awful. This app was great for me so I wanted to make sure you all get to hear about it too <3  It's called ""Recovery Record"" it's definitely on iPhone and Andriod, idk about any other phones. The best of health to you all!  XOXO, Alex",6.  DEPENDENCE / INCOMPETENCE (DI),3,False
3ZVPAMTJWN3D3KM8F28IMFRWVQTGR9,"Hi all,      Ive just joined this site, never been on a forum before, so please bear with me..      I dont know where to start, so here is a ittle bit about myself  -   I thought up to two years ago my life was ok, it was a struggle, who's isnt these days, but l was happy, ive never suffered depression (well at least l dont think so, unless you put 'feeling low' now and then in the same category).  I will be 45 this March, l have always tried my best in everything l do whether in work or in my personal life, ive never married or had children (but have raised 9 children from various ages in different relationships) maybe that put me off on having my own lol. my problem started when l was being bullied at work about 3 years ago, during that time l saw 3 different doctors, my problem was that l was suffering from stress and a really bad fuzzy head every morning which could last from 1 - 10 hours, the first GP put me on blood pressure pills and cohlestral tablets, l could understand if l was overweight and suffering from high blood pressure. anyway l took them for 2 weeks which spoilt a good holiday at the time because they just sent me dodalli.  The second GP treated me for vertigo, by this time l was now suffering from panic attacks, which was completley new to me and very scarey, but l was not going to give in so l changed GPs again, this time l was given busprine for the attacks and anti-depression tablets, l took these pills for about 3 months, but in that time it did not clear my fuzzy / foggy head and it was affecting my life in every way, l would not even drive in fear of not being alert enough.      I stopped taking the pills about 2 months ago as l wanted to be ""ME""! again, now ive feel that ive gone 3 steps backwards, l just feel that im letting everyone down, l shut myself away as when l do try to speak to my family most of them take the mickey and tell me that l must be suffering from alzheimers disease like my father, which isnt funny as he died last year after developing it very quickly, most of my family and friends dont want to know whats wrong with me, which in a way l can understand, as ive never been one to complain about any of my problems in life, and my family looked upon me from a very young age to sort out their problems, and now l have a problem they dont want to know !     I have moved from my family and friends now to start a new life and l find everyday is getting harder, l cant even hold down a job anymore, the trouble is with me is that l dont go to the doctors or hospitals unless l really need to, apart from the fact l was put off from one of my doctors, saying he was too busy to hear about another problem l had and l would have to make another appointment.      Ive been told maybe im suffering from 'bucket overload', l dont know any more its just taken me over an hour to write this.      maybe someone can help to point me in the right direction, please      Marcus x",6.  DEPENDENCE / INCOMPETENCE (DI),6,True
3R5LWXWHR08X0G8KO1EABXDKW7EGX5,"Hi,  I am 64 years old.  I am divorced since 2009.  I live alone with my cat,  Mitzi who is 12 years old.  I have suffered depression since I was very young.  My childhood was an unhappy one with a father who committed suicide when I was only 3 years old and a mother who didn't know how to love.   School was also hard as I was extremely shy and poor.   Kids picked on me a lot.  High school wasn't much better,  I spent a lot of time alone.  I moved to Queensland when I was 20 years old.  I married and had a son.  The marriage was abusive causing me to fear for my safety.  It took 33 years before I had the courage to leave him.  For years later I was in fear that my Ex would find me.   I am now medically retired from the Police Service after being hospitalised for 3 months.   I had attempted to end my life.  I had ect,  12 treatments which caused me to forget how I had attempted suicide as well as what I did for my job.   Since then I have been admitted into Mental Health Units about 4 times.   Medication I was given caused me to appear as if I had early onset of Dementia but it was proven to be incorrect.  I had tried CBT,  DBT with little success.  I was diagnosed as having severe PTSD after many years of seeing Psychiatrists who treated me for Borderline Personality Disorder,  Major Depression, severe Anxiety and OCD.   I found little help with the numerous Psychologists I have seen because many use only one tool,  CBT.   This tool didn't help after going to Outpatients sessions at New Farm for almost 2 years.  I have found a Clinical Psychologist that is treating my PTSD.  I see her weekly because I cannot cope with life on my own.  I didn't necessarily choose to be alone but my son has abandoned me and my nearest family member is in New South Wales.  The village where I live I am not welcomed because of my age.  There are many who treat me with hurtful comments.  I no longer attend any functions at the village.   They don't know I have Mental Health issues, if they did it would make life at the village worse than it is at present.  I don't have any friends to speak of,  certainly anyone to talk to when the pain from my Fibromyalgia is so bad or I can't sleep for fear I have another nightmare.  I hope my experiences in life can help others who have periods of deep depression. That's my story.",6.  DEPENDENCE / INCOMPETENCE (DI),5,True
3R15W654VDTTDBL9DEGYUHMZVLDLQJ,"<p>Hi all, really looking for some advice and support. Last September I went off my work with anxiety and depression, for a period of 6 months. I believe the true source of it was that my feelings for my girlfriend had began to change, away from romantic notions back to friendships, the way we had started out.</p><p></p><p>?we first got to know each other as friends after my mum passed away in 2013, though we did not progress to a couple until July 2014. Things were great, but then I started to feel my feelings for her had changed, and I have hated myself for that since, as she invested so much love and time and effort in me, especially when I was off work with depression. However, and this is hard to write, I feel that my depression deepened as she tried harder to help me, I didn&#39;t want to admit to myself that my feelings had changed for her as I was too scared to break her heart. I wanted it to be so thing else causing my distress.</p><p></p><p>Anyway, eventually I could not take the pressure any more and broke things off, which has broken her heart. She now wants us to try counselling together to try and resurrect things. To complicate things, we work in the same place, and this is what is really hurting me - she says that she can&#39;t just be friends with me, if we don&#39;t end up back together, she will leave work. I feel unbelievable guilt about this, and just can&#39;t seem to cope.</p><p></p><p>id appreciate any thoughts on how to hop this situation, especially if anyone here has been in a similar positionn.</p><p></p><p>Thanks.</p>",6.  DEPENDENCE / INCOMPETENCE (DI),6,True
30F94FBDNRKUSIRP35LZLJ1H3YYBT0,"I have had anxiety for 17 years but until the end of November last year it was manageable, literally overnight the anxiety worsened massively and became a 24/7 issue.      At first I coped because I had hope that it would get better but now I have no hope of that at all because every techique I use to cope just isn't working anymore.      Since the start of January leaving the house has been incredibly difficult, I used to be able to go out comfortable if my husband was there but now it's utter hell and I've lost all of my freedom.      I cry and cry because I think of all the things we used to do as a family that are all gone, I dread weekends, half term and the warmer weather because I know the kids will be missing out on all of the things we used to do.      My gp increased my diazepam a little 3 weeks ago and i'm worried it's causing me to feel constantly unsteady on my feet and that I will never recover and be able to go out again properly feeling like this, I need to reduce it again really but I'm scared to.      My life is like a circle of despair now, can't sleep properly, wake early, feel scared all the time and often don't know why and I see no hope for the future, it's like the old me is gone and taken my life with it.      My husband is feeling the strain and the kids are in pieces too.      I have a CPN but she has not been very helpful, she was supposed to ring on Thursday to let me know when a consultant can do a home visit but I have heard nothing and just get her voicemail when I call.      I am utterly lost, nothing happened to trigger this at all, it was completely out of nowhere, I feel detached from life, worthless and helpless.      I try so hard to carry on and to do things like go out but it never feels better and I can barely function either, I was a proud person but now I look a mess and go days without showering because I just feel like I can't do it, not because of anxiety anymore either but because I have this feeling I can't even describe, it's as if my mind and body are shutting down and I simply can't function.      Small tasks feel like climbing a mountain and everything feels overwhelming and impossible.      I am having slightly fewer actual panic attacks now but the agoraphobia is not improving and the despair and sadness are getting worse.      I don't know where to turn, even with a supportive husband I feel so alone :(",6.  DEPENDENCE / INCOMPETENCE (DI),6,True
3126F2F5F83U7TA2WFE5HH65HSQEPY,"Im 18 years of age, im male and i live in a very small community roughly 4000 people where i was born and raised. I have grown up in a very disfuntional,loving,hardworking family, my mothers a strong catholic and supports me 100% my Dads hands are ruffer than G60 sand paper hes worked all his life.       My childhood was great, through to highschool. I had heaps of friends growing up we where the popular ones, so i thought! My  problem started at 5th form where i had no real idea on what i wanted to achieve or become in life, i felt extremely  fustrated as everyone seemed to have a plan already.       Anyway managed to stick in school and i managed to sort me a job at the local Supermarket, thru too 7th form, during this time i had been thru 2 vehicles. Doing alot of bad things, drinking, smoking alot of weed 2-3 times a week.      As i graduated high school at the age of 17, my main friends moved out of town which didnt bother me at this time, after a great new years holiday  my Father found me a job at a local plumbing & electricall company where i worked hard and felt i was mistreated alot of times and i was bullied alot of times but never reacted, things where falling apart but i kept my head down and managed to get  an apprenticeship, i had great plans, buying a house owning my own business etc.       My time with this company i was smoking alot of weed after hours as i was feeling sh*t! I was drinking heavily 3 times a week also started going out of town to go clubbing nearly every w.e.   During my time i still managed to buy everything i ever wanted dirtbike/newtruck/all the toys xbox etc still did my paperwork aswell. After being in a bad car crash and having started smoking ciggerretes also i was feeling less and less motivated in my work. I lost my drivers licence and things started going down.      After my boss yelled at me and co-workers laughed at me i walked out! Trust me ive never liked my boss and alot of the co-workers aggreed unfair and abusive at times.   As i lay here i feel so lost i have no guidence on what to do with my life im never happy anymore my mates that i have here are fake and users and just talk!   I feel sick in the head, like everyones talking about me, when im in public all i can think of is people starring and saying things about me. I find it hard to look at people in the eye. I keep telling myself if i can get this peoce of paper in the bin the person likes me if not they don't like what the? My speech is terrible, i mumble and say bugger all! I want to just be happy but i feel suicidal. When i read something i get distracted with little scenarios playing in my head and loose wtf i just read, these scenerios are of me doing something extrodinary and impressing a girl or my mates, family. After everything i learnt at school i feel blank like i learnt nothing. Im always changing my mind constently, i even talk to myself all the time and look at myself in the mirror alot. Im so shy to tell anyone help.",6.  DEPENDENCE / INCOMPETENCE (DI),7,True
37G6BXQPLQLF75BHWSTUHMWFMOCEQP,Hi all      I am new to this site and any advice would be much appreciated.  My 15 year old son is suffering from very low self esteem and has sever social anxiety.  I have taken him to his gp and he prescribed him propranolol 10mg and refered him to see a councillor.   To cut a long story short he attended 5 sessions with the councillor and I had to sit through each one as his anxiety was so bad.  He then refused to go back because he said it was making him even worse.  This has resulted in my health deterioration having to watch him go through this and feeling so helpless that I can't seem to help him feel any better.  He says he thinks there is something mentally wrong with him because he can't mix socially with others and cannot start or hold a conversation with anyone.  I have tried to reassure him that it has a lot to do with his age and this will come in time.  Any advice would be appreciated.   Sorry for the rambling on .,6.  DEPENDENCE / INCOMPETENCE (DI),5,True
3LCXHSGDLT6RKLQUOWIZCMBG4CXESE,<p>Ok so my name is Cris. I’m 21.&#160;</p><p>My life started to fall apart about a year ago. I fell in love with a girl so i went in a foreign country to work to make her happy. My education path ended with graduating highschool so i didnt apply to a college. The idea is that this girl cheated on me while i was away for a better life for us and i came back home. Since then Every job i h[b]&#226;[/b]d made me feel useless and unfulfilled. I have No friends and i am scared to get involved again in a relantionship. I still live with my parents but everyday i see in their eyes that they are Not proud of me. I am curently unemployed and i cant get a job. I cant figure out what i am Good at and i feel absolutely worthless. Everyday i wake up and the day just goes by. I don’t know How to get myself out of this miserable state. If you have Any tips for me it would be perfect. Thank you.&#160;</p>,6.  DEPENDENCE / INCOMPETENCE (DI),6,True
3VMV5CHJZ8FQJZZ0JRDDMUSEJBQTGZ,"Hi everyone ,i'm 23 years old girl i've been battling with depression 3 years now and i was on and off with cipralex and other medication, my improvement was remarkable in the last year,,i was so cheerful and hopeful, realistic and amazingly satisfied with my achievements and overall myself i have reached to the highest levels of confidence that i've been envied a lot about it, i was so in peace with my ""middle eastern"" culture,   so after a whole year of taking the cipralex i ceased it gradually but in that time i was having major changes in my life and i'm not good with any kind of changes, but I stopped taking the medication anyway and now i'm literally in hell ..i am dying and i want to die ,, i'm so confused and i'm so sad, and the life i'm living now is in the extremes , i wake up one day and i'm so so so so excited and happy cheerful and energetic and i swear i become ready to even clean the city's streets, and the next minute second or sometime day i become the most saddest person on earth. i barely go to work and often i don't..i become too angry at the world and i start to talk and talk sometimes i feel like my words are not saying what's on my mind and get angrier, mostly i have such problem solving in this phase like i start to talk about some educational problem and then i start to solve it with over excitement mixed with anger , or sometimes i become so sad and quiet and crying the whole day for no apparent or rational reason except my jealousy of my fiancé's achievements and i feel like i'm stupid and worthless and spoiled and the dilemma of ""you're woman"" in my culture..   and now i feel so self-steamless..i get easily embarrassed for silly things at work , like when my preceptor will correct me ""i'm an intern"" or i do something wrong he's so nice and say it with humor but my face blushes then i get nervous about it then i try my best to hide it which is so embarrassing. i feel now like i'm inferior.. no matter what i don no matter what i say i always suppress myself and i don't know why, i've tried to write down the things i appreciate myself about but it's not helping..i can't concentrate i feel like there is a dark black cloud in my mind preventing me from thinking like literally having difficulty to run my daily routine lately i don't know what to start with i'm losing my time management skills and I can't concentrate in writings which I was prefect at, i get easily distracted like at work the treatment area ""the gym"" is open for all the patient I forget about my patient I start to look around at the other patients     i feel like i'm prisoner of my mood swinging i'm really tired i'm so tired and exhausted of it..   i know it's typical kind of feelings to feel in this age especially when you about to make critical decisions in your life..but honestly it's so hard and I don't know if I'm really mentally ill and I need help again, or just I'm making it up because I want attention or trying to find excuses for myself to be ""lazy"". please help me..      Sorry about the grammar or spilling mistakes",6.  DEPENDENCE / INCOMPETENCE (DI),5,True
3Y3CZJSZ9KTFNNXOY6PRII075HFR52,"<p>Hello</p><p></p><p>&#160;</p><p></p><p>I am 23 years of age. I am severely suffering from some unknown disease. I often feel like I am good at nothing. I avoid talking to people because I think I would sound stupid to them and they even won’t listen to me because I am stupid. I don’t have any friends to talk to. I don’t have any hobby. I don’t have any gf to talk to. I feel like I am worst and no girl would even talk a stupid guy like me. I also feel that no one will ever marry me because I am the dumbest guy on the earth I often wonder why I feel like jumping from a tall building or running railway. I know that I won’t do [b]suicide[/b] for sure( Trust me I wont) but still occurrence of [b]suicidal[/b] thoughts in mind out of nowhere is really irritating me. I know that it can be attributed to a mental state of severe depression. To pacify these feelings, I prefer to eat a lot and sleep (the only time when I don’t think of all this s**t).</p><p></p><p>&#160;&#160;&#160;&#160;&#160;&#160; I have constant headache and eye pains. I feel tensed to talk to my classmates because I feel I may sound stupid to them. I am caught in this vicious circle since last month and I often cry a lot almost every day.&#160; The conditions are worsening day by day. I also get tensed while doing smallest of the things.(Example:1. I feel very tensed while I am in ATM because I am worried about whether money will come out or not!!)</p><p></p><p>&#160;&#160;&#160;&#160; I haven’t share this with anyone as I know I have no one who will listen to my sad story. I also don’t want to bother my parents. They want me to make them proud which in turn is not being possible as I am unable to deliver to their expectations. They are very careerist and want me to be on top always . It is not getting possible for me to stand up to their expectations. I don’t want any words of sympathy from anyone because I don’t expect them either from anyone. &#160;I can’t tolerate this anymore. I please help me out.</p>",6.  DEPENDENCE / INCOMPETENCE (DI),7,True
373L46LKP7617IZEXOKOIGXYSQGJKN,"<p>Please help, I came of sertraline just over 2 weeks ago as it literally destroyed me, I was [b]suicidal[/b] amd now facing criminal charges for something very stupid I did. I really did go crazy taking it. My doctor has changed me onto Prozac so have been on that since. I&#39;m starting to feel severely depressed again amd [b]suicidal[/b] thoughts creeping back in, also starting to be irrational and impulsive again, this is how it started with sertraline and I&#39;m terrified. I went on a mission to destroy my life on sertraline and I&#39;m headed that way again. </p><p>Please has anyone had these bad side effects? I don&#39;t have enough people in my life to support me through it they just don&#39;t understand and almost lost my boyfriend because of it.</p>",6.  DEPENDENCE / INCOMPETENCE (DI),6,True
39HYCOOPKOLJUKZP84BTUVUPCBEMDH,"Im a 22 year old girl.I have a problem whith anger and anxiety.When i get angry i cant controll my self, i cry,yell and hit myself as hard as i can.I tried to talk to my parents but theyre not that suportive eather.my fiance in the other hand seems very kind and loving but when i get all these crises,he just gets anoyed and makes it worse,because i feel abandoned from the most important person in my life.I wanted to go to a shrink but i live in a town where everyone knows everything and to be honest im ambarrased of it,people thinking that im crazy or something.I dont have anyone to talk to.These crises hapen very often,sometimes twice a month,i started taking sleeping pills a lot ,i even tried to end my life.I dont really know what kind of condition is this but is hurting me and the people around me.Last night it happend the same thing and my fiance told me that he is sick of this thing and told me to take carr of my self vecause i have problems.I font know what to do,please if someone had the same excperience,id be very thangul to talk to..",6.  DEPENDENCE / INCOMPETENCE (DI),5,True
32ZCLEW0BZK2I9WUAGPWEXJXM0MJPO,i lost my job today due to my attendance ive been ill for a whle then i dont go in cos i cant drag myself to work on my s**t days and now ive no job my life is just caving in i feel so s**t all the time what am i supposed to do now i cant keep a job i live on my own and cant live off benefits forever whats going on?,6.  DEPENDENCE / INCOMPETENCE (DI),6,True
3LXX8KJXPW9VRX7K94L40304GQEO9H,"Why do I feel so alone?      I know it's part of my depression and anxiety and everything in between. I know that logically.      I know logically there are so many people out there suffering as much and more than me.      I just feel so alone.      I lie awake every night with people around me, my beautiful boyfriend is right there. I know I have it better than most but I just feel so alone.      I feel guilty for feeling this way.      I feel boring for feeling this way.      I know I have much more to give I just can't seem to do it?      I'm constantly reminded of how much I should be doing or giving, from family and friends, it's like they just don't get it.      I was supposed to go to Oxford or Cambridge, I've been told this since first school.      But I just can't.      I can barely get dressed.      I just feel so alone.       I don't know what to do anymore.      I've tried everything, so many antidepressants, CBT, counselling, psychiatry, psychologists... I just feel I am lost.      I am scared and lonely and tired. And even more scared of being scared and lonely and tired for much longer.      I just want it to stop.",13. SELF-SACRIFICE (SS),3,False
3LVTFB9DE5IDRJ782NJIHPHRZ4RGQ8,"I've been trying so hard to live what appears to be a normal, semi productive life. But, it's too much! I'm doing the bare minimum, as in...nothing right now and it's still too much to do the smallest of things!!      I am so sick of depression making every silly little thing become the hardest, biggest mountain to climb! I was given an opportunity and as always I mess it all up, let myself down, my family. All because I always let the depression get on top of me and stop me from doing..well, anything. And even when I try it's not enough, none of it seems to matter. It's just never enough.       I haven't slept for days, I'm stuck in a really bad mindset. Fed up. There is quite literally nothing that I actually want from life, nothing at all. So why live it?       I felt momentary relief as I have been looking after a family member's puppy and he is lovely. It felt nice to be needed and wanted by something. But all the 'high' points or the 'ups' are not what they appear. They are only distractions from something that is unmoving and unrelenting.       Supposed to be seeing my GP today about PTSD counselling. I have no interest in seeing anyone, don't want to leave the house today and not even interested in trying counselling again. Sick of taking antidepressants as well. None of it makes the slightest difference, life will always and only be one big joke.       Rant over!!!",13. SELF-SACRIFICE (SS),3,False
36GJS3V78VQW5W3V7XZ9KO55L9ZGJH,"<p>Act like nothing phases me but it really does </p><p>Act like I don&#39;t care but I just want to be loved </p><p>Act like I&#39;m ok, keep putting a front on </p><p>But truth is I just don&#39;t feel like I belong </p><p>Feel like an outsider no matter who I&#39;m with</p><p>To just feel a part of something, anything I&#39;d give !</p><p>But now it&#39;s just too much for me now it&#39;s just too late </p><p>This world is just so horrible, myself I just hate! </p><p>So guess this is my goodbye I&#39;m sorry to have to say </p><p>But these feelings and emotions just aren&#39;t going away </p><p>No matter how hard I try, no matter who I ask for help </p><p>I&#39;m always going to be alone, I&#39;m always by myself ??</p><p></p>",13. SELF-SACRIFICE (SS),5,True
3FHTJGYT8N0SR76T2A4THKRHU85GPH,"So my mom figured out a few weeks ago that I am fairly depressed, and this is a bad thing because now she has my younger sister every day do 1 or 2 things like hug me and say she loves me or something like that, and my mother will go out of her way to try and make sure she I know she loves me and needs me like telling me how she wouldn't have survived the first four years after my younger sister was born without me. Now this might sound good and on the surface it seems like a good thing to do, but it just makes me more depressed because I can't help but see this as them trying to make me feel loved, and if they need to make me feel loved my twisted brain rationalizes that means I must not feel loved so I'm probably not, and I know that's not true but I keep feeling that like its all an act whenever they do anything nice for me. I didn't think it was to bad though until I got a text from one of my older sisters continuing a conversation we had been having a while ago, and it instantly made me depressed a bit cause I suddenly felt like my mom was just having her talk to to to keep me occupied so I would feel relevant, and ik that's crazy but now whenever anyone who might possibly know I'm depressed does or says something nice it makes me feel bad,like they are being fatortu make me feel better, probably just so they can feel like they did something good that day. Also whenever my mom tells me how important I am to her it makes it worse cause ik she suffers depression and has tried to kill herself multiple times. So that makes it so if I get bad enough that I even think about killing myself I feel selfish because I know it would break her if I died, so I feel bad for even thinking of ending it and it is a vicious cycle I get more depressed and think maybe it's the world being selfish if they won't let me kill myself, then I feel like I'm just being an entitled brat and this is sure to get better later, so I feel worse and worse. And then my chest ends up hurting so bad from all the emotions that I want to die because the pain is so overwhelming, so then I do self harm (sanding my arm will it looses large patches of skin and bleads, or burning myself over open flames, sometimes just ramming my shoulders against street polles till they bruse and blead) and all the while the pain helps dull the emotional pain, but what's real Scarry is that I can do all these things, the emotional pain is so bad that the pain of these things is akin to a paper cut when compared to a nail through the foot. And so I think what's most scary is that I don't remember to lain very well after it subsides, my only frame of how bad it is it that I can do these things and forget I'm even doing them cause the pain they cause is so un noticeable compared to the others. I feel like I should see a counselor, but I have this deep fear that I can't shake that if I tell a counselor the things I feel and know they will 1 day make it back to my family. My family is religious and in a trans girl,but I can't come out to them they wouldn't accept me, and I have lots of friends at school that I trust with my life, and I know the chances of them interacting with my family are almost 0 especially if I don't want them to, but I can't tell any of them I'm trans because there is that slight chance that my family will learn they have my secrets and torture them for information or something. Basically I have learned over the past  days that I'm really paranoid and need help but will probably always be to frightened/paranoid to speak it. Thanks for reading, maybe it will help to get this off my chest.",13. SELF-SACRIFICE (SS),5,True
39WSF6KUV2LCMTY1HF1QSH1F7NUEOH,"<p>I&#39;ve been feeling depressed for a while now. Life has become unbearable and recently I have had a constant responsibility of being there for a suicidal person - talking them out of killing themselves has become a nightly thing. I care deeply about this person, and I want to keep helping them, but I&#39;m constantly so mentallt drained and tired that I find it difficult and I&#39;m afraid it&#39;s driving them away from me. I don&#39;t feel like I can deal with living any more, and I honestly feel like death is the only solution to my situation - yet I can&#39;t, because someone else&#39;s life practically depends on mine. I&#39;ve resorted to self harm, but this gives little relief as it&#39;s only temporary. I know I need help and I want help but it&#39;s difficult to reach out because the people around me have such stigma about mental health etc. I don&#39;t know what to do and it&#39;s killing me. Help?</p>",13. SELF-SACRIFICE (SS),6,True
3EHIMLB7F7ZLLB2N0ZK0GY8SKYIH8X,"I just feel so alone.      I barely sleep at all. I average about 3 hours a night but even then it's filled with nightmares that wake me up screaming, or in agony from clenching my jaw so hard, or with indentations in my hand where I've clenched my nails into myself.      Now I have this virus, nothing serious but Im getting even less sleep. I'm exhausted. And everyone is asleep whilst I'm wide awake.      I feel isolated. I toss between wanting to ditch everyone and everything in my life (despite having a partner who I adore and also care for) and wanting to stay in bed the whole time, lock the doors and be with no one but my partner.      I can't remember the last time we had any fun. We are in our 20s. Early 20s. And our lives are a barrage of illness and medical appointments.      I just want a week of normality.      Not a trip abroad or millions of £s... Just a week where I don't have to help him bathe. A week where he doesn't have to remind me to eat. A week when I want to and feel able to shower. That's it. Maybe a trip to the pub?      Nobody in my family wants to believe in mental health issues (despite my family tree being littered with suicides and inpatient treatment for depression). It's just like they want to bury it deep, which I get, it just makes me feel even more isolated.      I don't want to waste my life but right now I feel as though I'm just literally getting through each day; there's no enjoyment, no genuine laughter or happiness.      I can't help but feel sorry for myself in my situation.      I can't help but feel anger towards those who tell me to ""get a grip"".      I'm trying so hard to get a grip sometimes I think I'm wearing myself down more.       I've got so many masks I put on now for various friends and family, I feel I'm starting to lose myself.      I just feel so alone.",13. SELF-SACRIFICE (SS),5,True
3XBXDSS888JDM8MLZSBQOPISSO0LXG,"Hi! I'm new to the site. I know discussions on here are about health and not relationships but my situation is linked to my depression. I have been depressed for about a year now and it has come to the stage where I have been shutting out my friends and i'm beginning to shut out my family too. The reason for me doing this is because I don't want them to judge me or make me feel guilty etc for the way I am feeling (I know this wouldn't be intentional on their part.) I also don't want them to worry about me, be concerned about me or talk about me to eachother as this would add to my stress. They really can't do anything to help so i'd rather not discuss it with them. My boyfriend is the only person who I want to be around and I know that's not healthy. He has been my rock and he understands that i'm depressed but because he is my 'safety blanket' I am relying on him too much for support and i'm scared that i'm pushing him away. I don't want to be a burden to him but I feel like he is the only person I can cope with being around. I can feel myself becoming quite obsessive though- calling him far too much and wanting to see him all the time. I need to try and control my need in feeling i have to talk to him etc but it's very hard as he makes me feel slighty better and more at ease. I need to try and change my behaviour though before I lose him because of it. I feel that I am putting too much pressure on him. I know I should see more of my family and friends but right now I don't feel in the right space to. Has anyone been through a similar experience? Or have any advice please? Thanks",13. SELF-SACRIFICE (SS),5,True
3T8DUCXY0N6B4PCS5L73UD6RFYV9TO,"<p>2016 has been one of the worst years of my life ! Mum passed away 29th March </p><p>Because a hospital gave her a drug they Knew she had a serious allergy to!</p><p>November 16th my Dad passed away, As per norm he went the way he would have</p><p> wantedA glass of Vodka TV on laying on the sofa,yet completely different to how </p><p>He lived ,he died peacefully !</p><p>I still try to get out but still find it very difficult! Panic attacks are worse, </p><p>I sometimes sit here thinking &quot;perhaps tonight it&#39;ll be my turn&quot;almost wishing</p><p> for death.Yet i don&#39;t want to die? I have to look after my Mary and my Parrot freinds</p><p>I sat at home on Christmas alone I know this sounds daft I was angry that the </p><p>great escape was not on! I really miss my family yet they don&#39;t appear to miss me!</p><p>I have an appointment at last for pain management 24th January.</p><p> I know 2017 can&#39;t get anywhere near as bad as 2016 but I will wait and see</p><p>Sorry for not being very positive but have to say it as it appears to me!</p><p></p>",13. SELF-SACRIFICE (SS),5,True
3IV1AEQ4DRDHCHXDOZNLSBO7XQMJ84,"Wife..........better off without me   Children ...........don't seem to have any time for me   other Family............lots.......but none that give a damn   Work ..............................would love to see the back of me, im sure   Prospects........................... none   SO SO Tired . . . .had enough  . . . . no real alternatives      Reasons to go on . . . . . . . ..  .. . . . . . . .. ??? cant see any  ???",13. SELF-SACRIFICE (SS),6,True
3MNJFORX8B4IKXSF7BPX1TMO2T4F5V,"<p>Hi there. </p><p></p><p>It&#39;s embarrassing to talk about this but it changes our sexual relationships between my partner and I.</p><p></p><p>When I was 10 years old, One of my neighbors touched my private part of my body. He offered me to eat his food when I said no to him, he tried to force me to do it. And then he took off my pants and touched it. Thank goodness my mother found out I was with a stranger as soon as he started touching me ! She yelled and told me to come home ( she didn&#39;t found out he was touching me.) . Ever since that I was kind of scared of adult men, even my uncle and my father.</p><p></p><p>But it never affected my sexual life with my ex-boyfriend or my partner until one day...</p><p></p><p>My partner was very very waste. And he Raped me. When I cried and yelled &quot;no&quot; , he still kept doing it. And in the morning he forgot everything he did to me. When I told him , he felt sorry and comforted me and promised he wouldn&#39;t do it again.</p><p></p><p>But that changes me. Every time he wants to have sex after drinking alcohol, I feel disgusting and refuse him. And sometimes when he touches me, it makes feel uncomfortable. When I stop him touching me and he keeps doing it, I blow up and become violent sometimes. </p><p></p><p>I mean I&#39;m still in love with him. I still love to do tons of things with him.  And I feel he&#39;s truly sorry for what he did. But I just can&#39;t  make love with him like I usually do. Even feel guilty I can&#39;t provide as many as he wants!</p><p></p><p>I don&#39;t know what to do. And I know he&#39;s hurt too. I just want to get back to where we used to be.</p>",13. SELF-SACRIFICE (SS),7,True
3MXX6RQ9EV5CFRD9792S8VUE43WP43,"I know suicide is labelled as a 'permanent soloutions to a temporary problem' but i feel like it is the only way i am going to be at peace with myself. The last few years of my life have been hell and no matter what help/suppport/medication i get its just not looking up. I've had the overwhelming urge to harm myself lately but i dont want to get back into self harming to feel better. I feel like im being punished for something and no mattter how much i try to put it right or apoligise its just not good enough and i will never be forgiven. I cant bring myself to eat and sleeping is becoming a burden again. Talking to my parents is simply not an option and i dont have any friends since i dont have the confidence to be around people and dropped out of school. I dont want to hurt my family by leaving them but i need to do whats best for me, right?    Im pretty alone and scared right now and having someone to talk to that wont judge me for feeling like this would be a great help.    Thanks, T x",13. SELF-SACRIFICE (SS),5,True
3K3IX1W4S6RRHGTQGACJLYGEWDSPAE,"Why does life have to be so hard? I used to want to be happy and normal, now I would give anything for just an ok day! When I think things can't get any worse the world just proves me wrong!    I miss my babies I just want things to get better but I'm petrified that they won't! I'm scared and feel so alone!       I'm sorry for going on x",13. SELF-SACRIFICE (SS),5,True
3KVQ0UJWPXLKVJEAX0ZX5H8OXWUW5A,"When I was younger, I never cared what anyone thought of me. I was the most care-free four year old and the way everyone should be, honestly. But eventually when I became aware that people were making fun of me just for being myself, I began to care what everyone thought of me. What my family, friends, teachers, neighbors, and everyone thought of me really made care. I had social phobia. Luckily, this only lasted a few months until I figured out I shouldn’t care what anybody else thinks about me.I am a big advocate on this because it’s not just the fear of judgement, judgement leads to bullying and so many other horrible things. My goal is to open people’s eyes to understand they were put here for a reason and they are perfect the way they are.     “Social phobia- (n)- Social phobia, also called Social Anxiety Disorder, is an anxiety disorder characterized by overwhelming anxiety and excessive self-consciousness in everyday social situations.The duration is at least 6 months to the fear, anxiety, or avoidance is persistent, typically lasting 6 or more months.  The rest of the diagnostic definition remains the same.”     People with social anxiety disorder usually experience significant emotional distress in the following situations:  •        Being introduced to other people  •        Being teased or criticized  •        Being the center of attention  •        Being watched while doing something  •        Meeting people in authority (""important people"")  •        Most social encounters, especially with strangers  •        Going around the room (or table) in a circle and having to say something  This list is certainly not a complete list of symptoms -- other feelings may be associated with social anxiety as well.  “It’s taken me years to realize I can break that all down. I can choose not to assume that people are judging me, thinking they’re better than me. I can assume people see the best in me—as I’m able to see in them when I stop obsessing about myself.  Does this mean no one will ever feel superior or judge? Not at all—though it’s possible that when they do, they’ll be standing behind their own heap of insecurities, wanting to feel more assured but knowing no other way to do it.”  These are some thoughts that someone with social phobia/anxiety might think about:  ""It’s just easier to avoid social situations.""  ""I would freeze up every time I had to meet someone in authority....""  ""I’m the only one in the world who has these terrible symptoms....""  BREAKING THE CYCLE:  “Every time you judge someone else you perpetuate the cycle of judgement.  Consider the example above. If you judge someone’s clothing, you’re going to expect others to be judging your clothing as well.”  Break the cycle by simply treating people how you want ot be treated, if you don’t want to be judged, don't judge someone else.  Discussion Questions?  1.) Is there a difference between Moral Judgement and Character Judgement, if so, in your own words what is it?  2.) What are you tired of being judged for?  3.) Can you replace judgement with curiosity, if so how?",14.  APPROVAL-SEEKING  /  RECOGNITION-SEEKING  (AS),3,False
3CESM1J3EI3GENEO2J92XNMOTR56W0,"Hi!! So in 6th and 7th grade I had a terrible eating disorder. I would go days without eating to the point where I was 5'5. Now im 5'7 and I'm still a little under weight. I've eaten normally but nothing seems to work. its gotten to the point where I'm not insecure about being fat, I'm so insecure about being underweight because people make comments about it. In 3rd-5th grade I got heavily bullied for being chubby and now when people makes comments about my body it makes me feel so bad abt my self. Is there any way I can gain weight or atleast look average?.",14.  APPROVAL-SEEKING  /  RECOGNITION-SEEKING  (AS),5,True
30EV7DWJTVVK3S9OHKRQIK744Z56YZ,"So I hate myself for several reasons, which I won't go into. Unlikely to change. Right now all I care about is what other people think of me, since I do not trust myself to give myself an accurate evaluation of my self-worth. (""worthless"" is more like it.) So if someone thinks I'm wrong, I'm wrong. If someone thinks I'm stupid, I'm stupid. Without anything to defend (like a self-image) how do you handle this?",14.  APPROVAL-SEEKING  /  RECOGNITION-SEEKING  (AS),7,True
3HYV4299H0W911BLAYCUVVBFSIQE8E,"Lately I've started to pay more attention to how my friends and peers treat me. This has lead me to notice quite a few things. The people around me have little care for anything I have to say. Everytime I have a topic I want to talk about or am just dealing with something, I'm immediately talked over or people get annoyed. No one bothers listening to me, so I have to get loud to be heard. Then I'm called rude. It's to the poing that I don't know if my friends even like me or just keep me around bexause they like my twin. Not even my own family will hear what I have to say, so at this point I don't know what to do. I feel so unimportant, like everyone has better things to do rather than listen to me speak. Its frustrating. What should I do?",14.  APPROVAL-SEEKING  /  RECOGNITION-SEEKING  (AS),8,True
32TZXEA1OLK9YZU7M7R27ZCG1NQ41E,"Ok, people look at me and see a well put together person who knows how to live life. I am intelligent, augmentative and imaginative. I help people all the time budgeting, planning and generally make there lives better. But no matter how much i help other people i still feel empty, i still feel like i am hiding. I am always thinking ""does this response make me look like an asshole"". I'm always making sure i look good in others eyes. I suffer from anxiety as well which makes it harder. Always looking for others approval at work which makes me look weak. Even though im very large(im 186cm and 120kg).  I've found the only time i feel normal and happy is when im drinking alcohol and I only drink on a friday night but i would rather feel great all the time. Is this a normal thing? I have tried Anti-Depressants and they all make me feel worse, but i guess I have only tired 3 of them, but i Hate drugs to begin with.  I feel like I am rambling with no real point but i seems to be helping me. Thanks all I hope your having a good day :D.",14.  APPROVAL-SEEKING  /  RECOGNITION-SEEKING  (AS),8,True
3MDWE879UH2B83IB5ZGIUJ059RV9BY,"This might seem like an odd topic but I hope it fits here. Does anyone else with anxiety struggle to admit that they don’t know the answer to a problem or question??  Im in a corporate role with very unclear processes and procedures. Last year when I was suffering badly with anxiety and in hindsight was very unwell I made some poor decisions because I felt pressured to have the answers.  I’m determined not to do that this year, but as a people pleaser I’m finding it hard to say “I don’t know”. Other people seem to have no problems doing this but I compulsively feel like I should be the one to fix the problem - even if I’m not really fixing it!! Any thoughts or experience with this??",14.  APPROVAL-SEEKING  /  RECOGNITION-SEEKING  (AS),6,True
3ECKRY5B1QW012EUF72YTU6BJK4IZW,"Im 18 years of age, im male and i live in a very small community roughly 4000 people where i was born and raised. I have grown up in a very disfuntional,loving,hardworking family, my mothers a strong catholic and supports me 100% my Dads hands are ruffer than G60 sand paper hes worked all his life.       My childhood was great, through to highschool. I had heaps of friends growing up we where the popular ones, so i thought! My  problem started at 5th form where i had no real idea on what i wanted to achieve or become in life, i felt extremely  fustrated as everyone seemed to have a plan already.       Anyway managed to stick in school and i managed to sort me a job at the local Supermarket, thru too 7th form, during this time i had been thru 2 vehicles. Doing alot of bad things, drinking, smoking alot of weed 2-3 times a week.      As i graduated high school at the age of 17, my main friends moved out of town which didnt bother me at this time, after a great new years holiday  my Father found me a job at a local plumbing & electricall company where i worked hard and felt i was mistreated alot of times and i was bullied alot of times but never reacted, things where falling apart but i kept my head down and managed to get  an apprenticeship, i had great plans, buying a house owning my own business etc.       My time with this company i was smoking alot of weed after hours as i was feeling sh*t! I was drinking heavily 3 times a week also started going out of town to go clubbing nearly every w.e.   During my time i still managed to buy everything i ever wanted dirtbike/newtruck/all the toys xbox etc still did my paperwork aswell. After being in a bad car crash and having started smoking ciggerretes also i was feeling less and less motivated in my work. I lost my drivers licence and things started going down.      After my boss yelled at me and co-workers laughed at me i walked out! Trust me ive never liked my boss and alot of the co-workers aggreed unfair and abusive at times.   As i lay here i feel so lost i have no guidence on what to do with my life im never happy anymore my mates that i have here are fake and users and just talk!   I feel sick in the head, like everyones talking about me, when im in public all i can think of is people starring and saying things about me. I find it hard to look at people in the eye. I keep telling myself if i can get this peoce of paper in the bin the person likes me if not they don't like what the? My speech is terrible, i mumble and say bugger all! I want to just be happy but i feel suicidal. When i read something i get distracted with little scenarios playing in my head and loose wtf i just read, these scenerios are of me doing something extrodinary and impressing a girl or my mates, family. After everything i learnt at school i feel blank like i learnt nothing. Im always changing my mind constently, i even talk to myself all the time and look at myself in the mirror alot. Im so shy to tell anyone help.",14.  APPROVAL-SEEKING  /  RECOGNITION-SEEKING  (AS),6,True
3XH7ZM9YX2UYOAZ01W28UY59RDY9RB,"Hi i'm a 21 year old female and I don't think I am loveable by anyone? i've never had a proper boyfriend and have always had on and off things with men but I feel like I am not attractive to anyone, especially men I find attractive. I always say in my head as soon as I see a man that I find attractive they probably think I am a disgusting slob and could never imagine themselves with a girl like me. Every single person I either pass on the street or see, I start pin pointing every thing I see on them that I don't have. ""perfect hair, the ideal figure, a nice fashion sense"" the qualities I believe I lack are the ones I see in everyone that passes me. I wish I had that I wish I looked like that I wish I wish, I walk pass a stranger and notice these things so why can I never see them in myself. I know this sounds ridiculous and I understand there are worse things in the world that are going on but thought id see if anyone can help or might even relate to these thoughts and feelings.",14.  APPROVAL-SEEKING  /  RECOGNITION-SEEKING  (AS),8,True
36D1BWBEHN1WRA19BFRCYC3LFKPM28,"<p>Hi guys. I&#39;m 28 years old living in my parents loft. My dads got a lot wrong with him medically but after a small argument 3 month ago I haven&#39;t spoken to him since and actively avoid him. My mother still looks after me but is now questioning me generally, mainly because she is worried about me, I don&#39;t think im the son she expected at this age, not that she is disappointed but just wants to help. I have tried a few times now to tell her everything that I&#39;m going to tell you but have never managed to even scratch the surface really.</p><p>I set up my own plumbing company 4 years ago and it was hard work and still is but it&#39;s getting better with better customers and more money. I&#39;ve been in a relationship with a girl who absolutely adores me but I can&#39;t seem to give her what she needs but even then she stays. I have been feeling crappy for a while now and have thought about how the world would simply move on if I wasn&#39;t here anymore. I&#39;ve been a  weed smoker for many years now but am now drinking more than smoking. Drinking a couple of large bottles of whisky a week mainly to help me get to sleep. When I&#39;m around friends or customers I&#39;m fine or at least pretending to be. I know I work too much about what other people think, even people I don&#39;t know on the street. I&#39;m constantly scared about getting into any sort of confrontation, even though I&#39;m 6 ft 1&quot; tall and built pretty weLloyd I haven&#39;t got a clue what to do in a fight. Always worried that any small argument would turn into a full on fight and I would lose and then lose any respect that anyone has for me. Last night I went and sat on a barrier on the edge of the motorway for a while just thinking of ways to get myself out of this hole and the only option seemed to be to take 4 steps into the slow lane but at 2 am my mum called and asked where I was and I came home. I don&#39;t want 4 to commit suicide and honestly don&#39;t think I would but right now I can&#39;t see another option. </p>",14.  APPROVAL-SEEKING  /  RECOGNITION-SEEKING  (AS),7,True
3VGET1QSZ0ZZINSTLTEU31MKO2PW7P,"Hi. I know this is not as serious as many problems there are in this world, but I've been having eating disorder. I'm a teenage female.   At a BMI reaching  25.5 on the July of 2019, I was miserable in my body and hated every part of me when I look in the mirror. I know people go through this and that it's bad. It's not good for your health, but I disregarded that to get thinner fast. I felt like a truck in an ocean of sticks. I needed to change fast before I hated myself any more, because I've been starting to bully myself emotionally, punish myself by starving sometimes when I've done something bad, such as mess up badly an algebra quiz.      On September 2019, I started to make a change for my body. I ate 1,200 calories a day.   I did feel super hungry, thought of food all the time. I used to crave chips every day, but I wouldn't let myself break it because I assured myself that the punishment will be greater than the rewarding feeling that comes from eating.      On October 2019, I lowered my calorie intake to 800 calories a day. My period cycle has stopped. I felt hungry, but not as much as September. I wanted to break out into eating normally again, but I harnessed myself because of the reward that I was going to get in the end; not hating myself as much, and accepting myself and having people get jealous of my body. I wanted people jealous so badly because I felt like I was always the antisocial odd one out who has never fit in in anything. I felt like people will assume I'm lazy because of my weight. My grades have dropped from 80's and 90's to 60's and 70's.      On November 2019, I lowered my calorie intake to 700-600 calories per day. I did not feel as hungry as I was on 800 calories. I felt pleasure in starving and not eating all day because it felt like I was in control. I was powerful and handled my situation a lot better than anyone may have on a diet. I felt like this would make me worth something. I wanted to get rid of all my body fat and to tone up my body. I had more energy than before. It may have been an illusion. My grades dropped to high 60 to low 70 due to missing out on lessons from waking up late and skipping days from being too tired. I cried myself to sleep every night.      On December 2019 - December 10th, I promised myself that I will only eat 200-300 calories a day. And, surely, my corrupted mindset and determination got things going well for me.   I was freezing all the time. It doesn't help that it's negative degrees outside. Even if a place was at room temperature, or even nearby a fireplace, I'd feel cold and reach out for hoodies.    There were dark circles on my eyes. My thighs have a slight gap when I wall-sit, and they almost had a thigh gap. My stomach was super bloated, my stomach was in pain all the time, I was lightheaded, I couldn't focus on anything.   I cried myself to sleep every single night, wondering when I'll get skinny, when I can let myself stop because I knew this was not healthy and that I'm setting myself up for failure. My willpower always won, and it said, ""No stopping. You won't eat except a loaf of bread a day, or an egg and 2 apples.""   I'm a very lonely person, but people have noticed and told me I look good in my new weight and asked me how I did it. Of course, I said exercise, which is partially true. But they didn't know what was really going on inside.   I was exhausted, so done. It felt like nobody cared, or nobody would understand me. My parents kept force feeding me an apple, an egg, or a loaf of bread, which is why I never ate except Lunch so I can act like I'm fine in front of my parents.      I knew that they knew, and they took me to the emergency room. We've gotten a faster wait list and a blood test, and surely enough, I've been having about 3 nutrient deficiencies, and a few on edge.      On December 10th, 2019, my dad demanded I eat normally again and has finally got to me. I always pushed him away and kept things secret, but he really wanted to help and to understand. After finally squeezing the information out of me, with teary eyes, I said,   ""I felt like a truck in an ocean of sticks"".   So, he's been helping me eat up. It's day 3 of healthy, clean eating, and I eat about 1,200-1,400 calories per day (spoons of peanut butter really help).   My stomach hurts and so does my digestive system, and I do feel exhausted. I've gotten really hungry yesterday due to my metabolism trying to get back up, and surely enough, I ate when I felt hunger. I'm the most bloated I have ever been in my life right now.   I need about 1,500-1,600 to maintain my weight as a sedentary individual (which I am not).   We're now waiting about a month more to talk with a psychiatrist, and I've been eating well. A part of me also wanted to regrow my thinning hair and to get some muscle and tone by eating clean and doing ab workouts, running, and dancing.      But, if I'm being honest with myself, I want to relapse though it's unhealthy.   I lost 29 pounds in 3 months and 10 days, which is crazy. I kind of don't regret doing this.   I want to be perfect. I do realise that I lost muscle as well, but I couldn't have executed this in such a quick time by only exercising.   I don't want to be stick thin, I just would like to tone up and to have my stomach muscle show asap. I feel like I did this because I needed to be perfect (OCD), make people jealous as revenge for having nobody being friends with me, and so I have control over my falling life.      I feel like a loner, a failure with no friends, and that I'll never catch up on my school work because I've lost the rope and can't catch up with so many lessons.      Thank you so much for reading this, I'm sorry it's been long.",14.  APPROVAL-SEEKING  /  RECOGNITION-SEEKING  (AS),5,True
3RIHDBQ1NEY0604RU0UJLG9N437MHQ,"I don't know who I am anymore. I have a sense of self, but currently it's going through renovation. Lost friends, don't know where I stand in the universe. I know someday I will get the answers but today feels lonely and tough, somehow dragg.ing myself through the day these days. I keep reading about personality types just so I could feel like some day I will turn into someone significant. I do-n't know why people have to live friend less, wh.y it has to be so much work. I do-n't wa-nt to keep watching youtube videos of financially privileged people, I do-n't wa-nt to keep reading reddit posts of first world people, I do-n't wa-nt to drown myself in tv shows and be friends with imaginary characters. I want real human interaction. And it's not possible for me to get, not in a few years. I'm tired of dragg.ing myself, tired of losing things I get comfortable with.",14.  APPROVAL-SEEKING  /  RECOGNITION-SEEKING  (AS),7,True
3FI30CQHVKJOQKGD7SD6A993JQNB6P,"<p>I&#39;m 20 years old. Throughout my life and school life, I&#39;ve been bullied. At school, the bullies used to call me ugly every day and laugh at me. They made fun of the way I looked, the way I walked, my voice, everything. They made me hate myself which is still ongoing today. If I could change myself into another person, I would do it in a heartbeat. I was bullied for years which stunted my social growth. I became withdrawn and I stopped socializing with people for the most part. I only had a few friends. This continued for the rest of my school years all the way until I graduated. I made barely any friends and I have no lasting memories. I never went to prom and I never really was involved in school programs and I also didn&#39;t have a friend group. Now I&#39;m out of school and I work but I&#39;m still living at home and I don&#39;t make that much money. To this day, I have no friends and my dating life is non-existant. I have very low self-esteem from being called ugly all those years, so I&#39;m very self-loathing and depressed about that. Some days I feel so ugly that I don&#39;t leave the house or I wear a hat to conceal my face. Don&#39;t lie to me and say that &quot;everyone is beautiful&quot; because that&#39;s not true. Looks matter and when you&#39;re born ugly, the world will treat you accordingly. I wish I was born with good looks, if I was then I wouldn&#39;t have experienced the bullying and my social life would&#39;ve been bettter. Every day I obsess in my mind over what it must be like being a good looking person. I also think about how I hate that I was victimized and bullied throughout my life. Sometimes I get enraged thinking about it and I sit in my room until my anger subsides. I have a lot of anger deep inside about it. Sometimes I just wish I could have the courage to end my life. I&#39;m too scared of hurting myself so I think about it sometimes but I can&#39;t take action. I just want the pain to be over. I&#39;m tired of being a loser, that&#39;s all I&#39;ve been for my whole life. I&#39;m just the person that everyone puts down and laughs at. I&#39;ve literally been a laughing stock for people for most of my life. I feel like I have nothing to look forward to. I&#39;m completely hopeless and I have a bleak outlook on life. The only thing stopping me from killing myself is the fear and also I think about my family and how they&#39;d deal with it. I hate my life. People say that life &quot;gets better&quot; after you suffer from bullying and abuse but it doesn&#39;t and it never will. You&#39;re just left with the scars and pain from it. I just wish it could be over. I never asked to be born, I never asked for bad looks, and I never asked to be bullied.&#160;</p>",3.  EMOTIONAL DEPRIVATION (ED),6,True
3E24UO25QZQ89E5MBXISGT92QP6O66,"<p>I&#39;m 22 years old, I have the greatest family that provided a lot of love in the past. I don&#39;t have many friends cause I been used so many times I don&#39;t trust anyone and have been screwed over by great friends that I considered family. </p><p></p><p>I still feel useless through my entire life at a young age my father mentally abused me for so long that feeling useless and a disappointment is all I&#39;m good at in life. </p><p></p><p>I already tried committing suicide 2 times but was saved at the last nic of time. I don&#39;t know what to do I feel lost alone and been having to fight depression for my entire life and I&#39;m on the verge of giving up again. I know I&#39;m going to be alone in life I know I won&#39;t have a family it&#39;s something I knew that was never going to happen. </p><p></p><p>No one can ever answer this question I&#39;ve been asking though.. what is the whole point of life.</p>",3.  EMOTIONAL DEPRIVATION (ED),7,True
32L724R85LK6NYCOSY4W2W4X9LXIPB,"<p>Hello, </p><p></p><p>I have suffered from depression and generalized anxiety disorder now for around 7 years and have gone untreated without counselling or medication the whole time. I have chosen to write a post here because as a sufferer of health anxiety as well, I know how frightening it can be to start taking medication. I literally looked at every post i could on the internet about Mirtazapine, I guess I was putting off taking them but every story I read was negative and reinforced the terror I felt about taking them. </p><p></p><p>Until one night, I took my first tablet and lay awake waiting for the horrendous side effects. I admit, I did feel overly anxious and had multiple panic attacks but this wasn&#39;t due to the medication. </p><p></p><p>Day after day I waited for side effects to happen but I can happily say I have had none. I have experienced the weight gain but Im currently bulking and exercising due to new found motivation. I&#39;ve taken them for  6 weeks now and I&#39;m no longer suicidal, my depression has lifted and I no longer feel hopeless. I&#39;m not 100% yet but Im in a MUCH better place than I was 6 weeks ago. I was literally suicidal. </p><p></p><p>I hope that someone reads this and finds some sort peace of mind. I was miserable before, I now get more moments of happiness than sadness and I&#39;m glad I took the leap. I know how terrifying it can be to start medication but you never know, it just might work for you! </p><p></p><p>Thanks for reading, </p><p>Liam </p>",3.  EMOTIONAL DEPRIVATION (ED),7,True
3E9ZFLPWOYSBW7EFEPEDW9Q0BK6IXZ,"First time poster, needing insight from other survivors. Q is at the bottom if you don't need context I've recently stopped talking to my parents because for the last 30 years they've been incredibly abusive and violent to one another.   I had lived with my parents on and off over the last (almost) 30 years, when not with my parents I was with my grandparents who were very nurturing and provided me with the few positive memories I've got. I've living independent for a few years now  My parents (mostly mum) was very harsh toward myself and my siblings growing up, verbally abusive and made us feel like anything that went wrong in her day was somehow our fault.   We were fed, clothed and had a roof over our head but we very rarely received any love. that doesn't sound like a lot when compared sexual and physical abuse survivors, but it's still affected me nonetheless.   Mum and dad were even more abusive to each other, violence occurring on occasion from both of them. Our house was the one the cops would always get called to. mum would often ask me to intervene as I was the oldest child, ask me to run next door and call the police on my dad, directly involving me in their fights. they would reset the next day and we made our way to another fight, (1 - 2 times a month).  still stuck in this cycle today, a few months ago I finally had enough called it quits, ceasing contact with them for the 2nd time this year (and in my life). strangely, I miss them. but when I think of them I get flashbacks to the abuse. This has been happening since ceasing contact 4 months ago. I know I'll never go back to them as long as they continue their behaviour.. and I know they absolutely will. I'm now coming to terms with life without my parents. Honestly, its bitter sweet.  I can now see the results of my childhood. I have trouble forming complex connections with people, I'm hyperventilate regarding my environment and relationships. I'm petrified of my own anger, isolating myself at the first sign of it (Im angry a lot), when I'm not angry, I'm mostly apathetic. I've spent the last 7 years numbing myself with alcohol, party drugs and weed. I've been sober a week now. how do you live a happy life when all you've known is the toxic potential of relationships? - P",3.  EMOTIONAL DEPRIVATION (ED),5,True
3HKIF5DF6YX7ZKQMLL8WVUR2P4N9GF,"I know nobody can actually tell me what to do they can only advise. I got up this morning and I don't know what to do. I know it is stupid, I just don't feel I can cope. I am having a new fitted kitchen in2 weeks, I have wanted for a couple of years, it isn't going to be too big because there is no plumbing , electrics or plastering to be done, should take a week maximum, but cupboard need emptying, we are having Fence panels delivered, not sure what date, I want the clean covers putting on my second sofa, I want the tidying up finished in the garage all these jobs I need help from hubby who is at work. He starts something but doesn't finish before he is going onto something else.    Today is the first time I am on my own, with nothing planned I cannot stop crying I have no one I can call on hubby at work and if I call him he will just say stop worrying about it. I am under menta l health team yesterday I made an appointment to see the nurse for  when she comes back off her weeks holiday appointment 24 April. I see psychiatrist 27 April.   i forgot to take my AD for 2 days.   i halve taken extra tablets recently not enough to do any significant harm professionals know. I am normally quite rational but today I don't feel particularly rational. Do I phone MHT or just see how I go on? I need help",3.  EMOTIONAL DEPRIVATION (ED),5,True
39N6W9XWRDNM0LYUTX0CUBKTYD8GYB,"<p>Hey guys I was on here maybe a couple months ago talking about my depression. I thought If I just stopped thinking about it and ignored it I would maybe feel different so I got off this site and just stopped participating in talking about my problems. I need help. I don&#39;t know what to do NOTHING is helping me I cry so damn much every single day and I&#39;m not here. I tell my mom that I want to go to the doctor but I know if I tell her why she will tell me I&#39;m being dumb and I&#39;m fine. I didn&#39;t want to even wake up this morning I wish I could sleep forever so I don&#39;t have to feel this way. I feel dizzy and nauseous all the time. I just got a new job I thought would help me but I&#39;m not mentally there either I just am so out of place here in this world. I feel like I&#39;m not even me I&#39;m not here my mind is so full of thoughts and then My soul feels gone. I&#39;m completely out of it. I&#39;m wasting my life. I am a waste. I make people happy (boyfriend, family) but then I don&#39;t feel the same as them at all I am numb. I get sad yes but I don&#39;t have any feelings anymore just thoughts. Body is in auto pilot. I don&#39;t know what&#39;s going on and I don&#39;t know what to do. Someone please help me. Any responses at all would be amazing. Thanks guys. </p>",3.  EMOTIONAL DEPRIVATION (ED),6,True
3ATYLI1PRT2KX9KTVGCHPXE7CVQOJC,"after 7 years of being on venlafaxine after really bad post natal depression I'm going to attempt to quit. I have read the forums for tips and it seems everyone's story is different. Here is my story. I have suffered depression since a child but coped with it as I thought that was how life was. After post natal depression I agreed to take anti depressants for my childs sake, I didn't want him growing up with a tearful, crazy mother (like I did) I guess they worked, or it may have been mind over matter and having a beautiful child at 42 which was such a blessing. But we all know being a parent adds to the workload and it's never going to be easy. I really believed having a child myself would make me happier than I had been growing up as I could give my child the love I never had and realise that the life I used to have was not normal. I went back to work full time, got a bigger mortgage and done it all on my own. I don't resent any of it, I love being a mother it's priceless. I had ups and down days on the venlafaxine but I really did have more good days than I used to have, so there's progress, after 6 years of being on the tablets I have started getting really down again with uncontrollable crying and angry moods. When I feel like I'm running a hotel and the partners not pulling his weight I let off a tangent and really hate myself, but that's probably how most women feel at times. My mum makes me feel worse and really brings me down as I can never go to her when I feel low as she goes on about how lucky I am and I know how she has felt, so the support was never there. At Christmas I invited the parents over to stay and mum was in a right filthy, patronising and picking me to pieces mood. I finally snapped after 3 whole days and nights of it and it finally hit me that my problem was right in front of me. I was emotionally and physically abused as a child by my mother, I'd had bottles smashed over my head, beatings that these days would not be acceptable and living in fear of what will she do next. When I moved out at 26 the emotional abuse still continued, I was constantly getting bad comments and my mum was like a time bomb, sometimes I'd leave her house in tears as she made me feel so low. At Christmas after telling her to leave the house as she had over stepped the mark, her venom flooded out and she told me she hated me over and over and said she never wanted to see me again. In a way I knew this would be for the best, I could finally start to get better. I've had 2 breakdowns at work and having counselling. I believe this is my lifestyle so this is the start of kicking the tablets.",3.  EMOTIONAL DEPRIVATION (ED),8,True
3OYHVNTV5TYF8TQBD1CTQCEKRKQOKB,"I’m not sure if I worded that correctly. I am well off in that I live in a house, have access to healthy food, have been given multiple material things, and most of all, I have financial support from my parents at 18 years old. The problem is, the people I am living with are mentally toxic. They verbally put me down, are very insensitive, and are generally very stressful people to be around. They are not the people I would like to be around yet I feel badly about having negative feelings about my parents as they have financially supported me my whole life. I have relatively debilitating mental and physical health issues so I cannot really get anywhere in my life right now (can’t drive, get a job, make friends, have fun, etc). I am stuck feeling guilty and sad for having bad feelings about the people who are supporting me financially yet not treating me well emotionally at the same time. Does anyone have any advice?",3.  EMOTIONAL DEPRIVATION (ED),5,True
3QGHA0EA0J0MKZVJYAQA838G7SGBWQ,"I'm originally from the Isle of Man but I live in England because I met my boyfriend and we had a child. He's from England and he didn't want to live in the Isle of Man so we live here. I've been here for 2 years and i have made no real relationships despite my effort. I have fibro myalgia so i'm in alot of pain all the time, along with chronic fatigue, i work nights then get up with my son in the morning, i am tired all the time and it takes its toll really badly. i never stop my boyfriend from going out when the opportunity comes up because he works hard and deserves it, he didn't come out for my birthday because his friend had a christmas party that night, i couldn't go to my best friends birthday that was in a city i went to uni in because he had a works due even though i had planned it months ago and he found out about his night out three days before hand, i couldn't go out for his mums hen party because his brother forgot to get a babysitter for his stepdads bachelor party. i rarely go out because i dont have any friends to go out with and when the opportunity arrises i usually cant go. i tell him its ok if he stays out late just to let me know thats what hes doing. For the first time ever, in three years we've been together i wanted him home early because i had a panic attack, i rang him to see if he knew when he was coming home because if it was soonish i wasn't going to ask him to come home i could have waited and he started shouting at me saying he deserves a night out because he works hard all week, and started accusing me of checking up on him and that he wasn't going to cheat. i have never accused him of cheating, or even thought that he might have. this is what i come back to. i go to the isle of man and though i may still have the odd panic attack and still tired i'm happy and i have loads of friends and im always busy so  i stay out of my head but as soon as i return to england i'm lonely again, and im stuck in the house or at work with no social life. i don't know what to do because he is a good man and a good father but he has not long gotten his dream job here and doesn't want to move but i'm so depressed. i've seen three different councillors and been on anti-depressents since not long after my son was born and i dont know what to do. someone please help me.",3.  EMOTIONAL DEPRIVATION (ED),6,True
3OND0WXMHWF2UCCED260884EV1GHEW,"<p>I&#39;m 19 years old I graduated high school last year with a gpa of 2.9 I went into work the a Human Resources office but I can&#39;t do anything right. I had a boyfriend but I feel like I pushed him away. I think i pushed him away. He would ditch me to buy beer, and would ask to sneak into my room. The last time i thought he actually liked me we had sex and the very next day he talked to another girl now he&#39;s in a relationship with her. Why couldn&#39;t that be me? Not only that but this other guy told me no guy would want me for anything serious everyone looks for me for sex. He said I look like a monkey. I have slept around quite a bit. I have no real friends. &#160;I&#39;m socially awkward. I am a family disappointment. I can not clean or cook. I can&#39;t do anything. I&#39;m a complete failure. I feel like there is no point of me being here.</p>",3.  EMOTIONAL DEPRIVATION (ED),6,True
3087LXLJ6MGJPQ6EA5JLKYQXLLTF0A,"<p>I saw a similar post on this site and lots of nice people replied so I thought I&#39;d make a post.</p><p> </p><p>Basically I just can&#39;t live anymore, I really really can&#39;t. I&#39;ve just turned 18 and I have been struggling since I started secondary school about 7 years ago. It started with anxiety because I went into such a big school and I couldn&#39;t cope and halfway through year 8 I just stopped going. Since then my life has just been misrable. I have just been made to feel like a huge inconvenience mainly to my mum because she&#39;s a single mum, she didn&#39;t need to be dealing with me.</p><p>I went through chams which is the biggest, most soul destroying, pile of sh*t ever.  For 7 years I&#39;ve been pushed from pillar to post, I can&#39;t think of anything they did to help me, if they weren&#39;t being massively useless then they would just go off the grid and I&#39;d hear nothing from them, like I just didn&#39;t exist. At the beginning of last year i was reffered to a different programme where I didn&#39;t even get a phone call or anything from these people then a year later I get a letter saying they hope I found their services helpful and that was me finished with them.</p><p></p><p>In year 10 I was put in a referral school for other kids with similar problems. That was ok until me and a friend were &#39;groomed&#39; by a music teacher, he got arrested and I reluctant to go in, but I did and got got some really bad GCSE&#39;s at the end. I tried to go to collage but I couldn&#39;t do it, the thought of sitting in a classroom and being in that environment just kills me, if rather go out and walk into oncoming traffic, I just physically and mentally cannot do it no matter how hard I try and I have no idea why.</p><p>Once again It made my mum so angry that I wasn&#39;t going and I told her how i felt and that I wanted to die and then I just didn&#39;t go back to collage and that was that really.</p><p>Whenever I try to tell her anything she will tell my brothers who will basically take the p**s out of me And she&#39;ll tell anyone really. There&#39;s no privacy. I started self harming when i was about 11 and that became a family event. Obviosly when she found out she told my brothers and obviously they took the p**s because of it. </p><p></p><p>I&#39;ve never been helped by anyone, nothing has ever made me feel better.</p><p>For the last few months I&#39;ve been feeling ok but then it hit me like a brick, I don&#39;t want to do this Any more. I don&#39;t want to go back and forth to the GP or to therapists. I&#39;ve got nothing to live for, I&#39;ve got no talents, no life, no confidence to go out and do anything, no qualification,  I&#39;ve got no friends.</p><p>This whole thing is boring to everyone around me especially my mum. She&#39;s got the kind of &#39;get off your arse&#39; approach.</p><p></p><p>I need to go back to collage Everyone is putting pressure of on me, my mum&#39;s enrolling me on a course tomorrow but I know history is going repeat itself for the 100th time and I just cannot do it anymore. I honestly don&#39;t feel like I should be here, I&#39;m not cut out for life itself. I can&#39;t listen to the whole &#39;it will get better&#39; because for the last 7 years it&#39;s been getting worse and waking up in the morning is so painful it makes me cry. I have no one to tell this to and I literally have nothing going for me. Everyone my age was out with their friends going to parties and then there&#39;s me sat in a doctor&#39;s office with my mum telling them I have no friends.</p><p>Some people are so successful and just good at being alive but then you have me who&#39;s just a huge waste of space. There really is no reason for me. I&#39;m stuck here and I don&#39;t want to do it any longer.</p><p></p>",3.  EMOTIONAL DEPRIVATION (ED),6,True
34O39PNDK68HC3EXZGG4L40ZFD1RB3,"I was diagnosed with depression and anxiety last september, put on sertraline in October and signed off work since November. I believe that I had been suffering from depression for a while and I also suffered from eating disorders as a teenager. All was going well with my treatment and I was having regular CBT sessions until January when I had to go into hospital for surgery. I therefore delayed the next stage of CBT as I knew I wouldn't be able to drive for 6 weeks. Over Christmas my husband and I talked a lot and made plans including me cutting back my hours at work to focus on persuing a singing career.      Whilst in hospital my husband was diagnosed with cancer which in inoperable as it has already spread. It has spread agressively into his bones and he can barely walk which has made my recovery harder as I have had to do housework and even help him get up etc. We don't have much family living close by although my step son has been coming and helping. When I told friends about the diagnosis everyone offered to help and said lets meet for coffee/ lunch yet when I tried to arrange something nobody has had time. I don't have that many friends living close by but I thought I could rely on some of them but only one has been round since knowing about my husband - I only met her last year and I feel that all of this is a lot for a new friendship. I haven't confided about my depression yet although she does know that I was struggling with panic attacks last year. I confided in 2 friends about my depression previously but neither of them has been to visit and 1 hasn't even returned my call.       I feel bad complaining as I know everyone has their own issues but it has left me feeling completely isolated and not knowing where to turn. It's hard to talk to my husband as he is dealing with so  much - we are very open with each other but I don't want to add to his worries. I did find out that he phoned my doctor on friday and they agreed that he would refer me to a private counsellor but I don't know if it is worth it as I feel no amount of therapy or medication can stop the loneliness I now feel.",3.  EMOTIONAL DEPRIVATION (ED),5,True
388CL5C1RJNG0IM6UOT4L3UY4YHHLJ,"Hello, Ummm, to be truly honest I don’t know how to start this.... I guess it all started when I was 4/5, when my father met my step mother, it all went bad from there....  My mum and father went to court for custody of me, my mum won, but the stupid courts made me go to my fathers every second weekend and every half of the school holidays.... my step mother had other children, from a past relationship, and once her and my father got together she was pregnant....  I’m not going to go into full detail, with what happened, but all I’m saying is that I was mentally and physically abused by my step mother, father, step siblings and half siblings.... my poor mum had to sometimes drag me to drop offs, I would always cry, I could tell it killed her, she always had to calm me down, cause I would be in big trouble if my father caught me crying.... when I turned 16, I thought to myself, I don’t need to see my father, I’m old enough to make my own decisions.... and I’m sure we can all guess how that turned out..... Yup, not good, my father, step mother and that side of the family turned up the mental abuse to 1000%, which made me break down a few times in year 12, which I couldn’t go to any of my classes.... That’s some of my past, I’m so glad my mum met my step dad, he’s been more of a dad to me, I even changed my last name to his, for Father’s Day last year. I’ve been feeling really bad these last couple of months, but the last few weeks it’s been getting worse. I’ve been cancelling appointments so I don’t have to leave the house, but then I feel so lonely.... I know I have family and friends that are there for me, but I’ve never felt this bad, like I’m so alone and that no one really cares....  I was actually feeling okay for a while, until the guy I was seeing, started messaging me bluntly and when we made plans, he didn’t turn up or message me, I told him how I was feeling and I got nothing in response, he just shrugged it off like I didn’t matter, it made me feel like I didn’t, I just wish he at least could of apologised. I feel silly, because I’m complaining about my petty problems, and I know that people have it much worse than I do. It’s kinda funny, even when I’m so down that no one can drag me back out, I’m still helping others.... I just wish that the smile I have, wasn’t always fake, I wish I actually felt what my face was portraying.... I feel like I’m letting everyone down, for feeling like this, I just don’t know what to do anymore....   Please Help Me",3.  EMOTIONAL DEPRIVATION (ED),6,True
3LB1BGHFL2WQ5QK0DXZJTUZIO7GTYX,I do not have anyone to confide as I haven't any friends close enough to understand or be sympathetic. Any advice please?,3.  EMOTIONAL DEPRIVATION (ED),7,True
3OWZNK3RYLPF4I6IKHIYPMKFS6SU28,"<p>I have been feeling very depressed, I feel like writing this will make me feel better. I left my boyfriend of 10 months and then 2 months later I got into another deep reationship and I feel like im rushing myself.. I don&#39;t know why. I am feeling so depressed its like I MUST talk to someone. I have no friends or family that are close to me. I dont know what to do... Honestly I just want to cry, it hurts having no one to talk to.&#160;</p>",3.  EMOTIONAL DEPRIVATION (ED),8,True
3KA7IJSNW65W0QYIMOCFG90KEVDBPV,"<p>I am piggy backing this discussion off of one that I saw was made a few years ago because I&#39;m not so sure how active some of the people I replied to are still. I read multiple stories that were the same of what I am going through and just wanted to see if anything got better for them or someone going through something similar. Here&#39;s what going on with me:</p><p></p><p>I have been with my SO for 2.5 years and engaged for 3 months. This has been the absolute best relationship of my life and I can&#39;t imagine my life without him. About two weeks ago, it was like something snapped inside and I&#39;m having all of these negative thoughts about our relationship. I&#39;ve gone from having the &quot;what if I&#39;m gay&quot; thought to I don&#39;t really love him and I&#39;m just convincing myself that I do to I just need to let him go in order to save him from my &quot;crazy&quot; and also maybe if I did let him go it would stop all of this (even though I am sure I would feel worse). In my heart, NONE of these things are true but yet the thoughts are still eating away at me. All I keep thinking is that I just want to go back to two weeks ago when everything was perfect. I am on day three of 10mg of prozac and although I&#39;ve been told that things are going to get worse before the medicine really starts to make me feel better, I just want to know that my relationship is going to survive and get back to the way it was. Please tell me that this happened for you? </p>",15. NEGATIVITY  /  PESSIMISM  (NP),3,False
3D0LPO3EABZASYFSHGDKZKTVPZZOY6,this is more me just wanting a bit of information or advice on it. My partner has depression but in the 4 month we have been together there has been no sign of it at all. I only see him once or twice a week due to the distance we live apart but we text every day. We can talk to each other about anything and he admitted having depression as soon as we got together. This week we were talking about it and he admitted to having days he can't face doing anything I asked how often he said every few days. Now today he said it's rare he lets his depression effect him and would only ever not meet me when planned if it was really bad. The last time he had it so bad was New Years eve which was because he felt he'd let me down the day before. We had planned to meet but he couldn't because of illness which I was fine about and he was missing his wife who died in August. So there is normally a reason for the really bad days. I'm wondering if depression can or is likely to get any worse or better or stay same? As things are we will manage things but I've never had or dealt with depression so can't really understand it. I have read about it and found having someone there for you helps and doing something helps which is good. As I do plan to be there for him and he seems to have same idea of having something to do to help it. Ok there may be odd days where he doesn't want to do anything which is fine as it seems it only lasts a day or 2 at a time.       Next at month will be tough for him as its Valentine's day which we will spend together then what would of been his wife's birthday he's said he wants that day alone which is fine. But I'm not sure if having his mind took off things as in doing something would make things easier. Then again he may want time alone to remember her as Valentine's day is probably another day that may be hard but he's accepting he needs to move on and wants to spend it with me. I'm thinking him spend what would be his wife's birthday alone then see how he was and maybe spend a different day that will be hard together like date she died.,15. NEGATIVITY  /  PESSIMISM  (NP),3,False
3LN3BXKGC0VIBG3UEWIO9EZDN58WGS,"Hi I'm a teenager and I need your help. I can't tell my parents because I am scared to tell anyone but ever since I was eight I have been expierencing horrible signs of OCD. I feel as if I have to count things or do everything in a specific ritual. I have good numbers and bad numbers and letters and etc. I feel as if I don't perform something a certain amount of times something bad will happen too me. I do this 24 hours a day and it won't stop no matter what. It makes me frustrated and tired but i give in everytime. I've had this go on for so long that I have learned to cope with it, but I don't want to cope with it. Should I still seek help for it? Even if I can cope with it somewhat?  Also lately I have felt empty and like I cannot be happy. I feel like I'm stuck, with no meaning. I don't know if I am pushing this depression upon my self but I feel like no matter what I can't be happy. I keep a journal of all off my thoughts and share it with no one. I find it hard too concentrate in school because I have so many thoughts running through my head at once. I often zone out now and when I do zone out I think about all of those thoughts and it makes my heart race greatly. I constantly sweat, I used to be the life of a party but now I push people away, I keep to myself and I just want to be alone all day and try not to talk to anyone. My friends hate me now because they noticed I changed. I often ask my self questions everyday and it frustrates me because I can't answer them. I don't feel like myself. I don't have suicidal thoughts but I don't see a meaning in life anymore and Death doesn't scare me anymore. Sometimes I take pills at night just to make me feel good and sometimes I take 2 times the amount. I've never thought about hurting myself but one night I was doing homework and I took my pencil to my wrist and couldn't stop. I never feel relaxed and in class I always find myself clicking a pen or chewing on things as a nervous habit....so I guess my question is, is this serious? Am I doing this to myself? Should I seek help? Please help me. Thank you.",15. NEGATIVITY  /  PESSIMISM  (NP),2,False
3NFWQRSHVEEG0UHZO78O5QDDS2IGFE,<p>Well I&#39;m 23 and I recently lost a really good relationship. We were engaged since 2014 and had recently got a place together. Well I had gone to hair school twice and dropped out twice so my next plan was to go to a 4 year college and learn music because I sing and wanted to just improve in that area. Well I was an idiot and lost faith in my relationship and thought we should go on a break. I had moved back to my parents to see if it would motivate me to go thru with college. Well my fiance decided to finalize the breakup even though I had just wanted a small break so I feel like I&#39;ve lost everything because he is a great guy and I went to the college but only lasted 3 weeks. Couldn&#39;t focus and felt like once again there was no point. So I came home....hoping to somehow redeem my relationship....but....it&#39;s not working out....yet everything reminds me of him and just makes me think that life is never gonna get better cuz I can honestly say I hate myself. He&#39;s trying to move on and says if I don&#39;t leave him alone he will get more serious about it and I just don&#39;t know how to move on sometimes I just make decisions based on how I feel at the time and then I realize what I&#39;ve lost and I completely regret it. Especially losing him....all I want to do is have him back and prove to him this time that I do love myself and that I have faith in our relationship....my family never supported our relationship in the first place and I&#39;m really just extremely upset with myself. Seems like everything good in my life I&#39;ve given up on.   I guess u just want to ask for some advice on this matter. I&#39;ve always felt like I&#39;m a horrible person but now I especially feel that way. </p>,15. NEGATIVITY  /  PESSIMISM  (NP),6,True
337F8MIIMZD9RA9PQON2TUT6WVK40B,"<p>I have suffered with depression for over 15 years now. I have gone through the periods of being in a better place and being back in the room with my black dog. Until, around April 2017 I guess it became familiar to me and I had fight in me to keep coming back. But since then the fight has all but left me.</p><p></p><p>Each day all &#160;I read about is the impending wars with Syria, or North Korea or Iran and the stories that go with them pointing to World War 3. Then you have all the predicitons from the bible, the mystics etc etc. Then with my own eyes I can see the precarious state the world is presently in and cannot see how it cannot end in War.&#160;</p><p></p><p>Quite literally all of this has knocked the last bit of fight out of me as I can see no reason why I should fight the depression cause its all going to end anyway. If I had the courage I would end it myself, right now. But I keep thinking of what it would do to my better half and parents, THAT is the ONLY reason am still here. But even that thought is wearing thin, cause I know my moods are making them unhappy and has nearly caused a break up with my other half, who I love with all my heart. So now am now on the scale of &quot;not wanting to hurt them by committing [b]suicide[/b]&quot; VS &quot;they are better off without me so do it&quot;.</p><p></p><p>Am so incapacitated with the War thing I cannot think straight. I sometimes wish it would happen and get it over with. But then again I also wish I got some terminal disease that would satisfy the argument in my head about [b]suicide[/b].</p><p></p><p>I look at people around me who are reading and watching the same news as I do yet nobody else seems to be worried about it. That too makes me wonder if I am losing it totally, being over dramatic or whatever.</p><p></p><p>In way of example of how much I believe the war is coming and that it will happen before the end of this month or beginning of next month am supposed to be going away to play in a competition for a club I belong to. There is nobody else to go, so despite the fact I dont want to play I dont want to not go as it would let everyone else down and make there trip pointless. Anyway, its taking place in the last 12 days of September and so I dont want to go just in case war does break out whilst am away. If it did I know I would never get back home and be with my other half. I want to be with her when everything kicks off, I want to die with her.</p><p></p><p>That in itself also makes me want to take the [b]suicide[/b] route cause it would answer the problem.</p><p></p><p>I know this will all sound mixed up, confusing and maybe even contradictory.... It wouldnt surprise me cause I know in myself that it is all of those things, but that just makes it all worse cause I can make no sense of it really either.</p><p></p><p>In all my years of suffering from depression, I have never written on a group thing like this. As I am typing it I dont even know why I am, as I believe it is pointless. BUt writing it I am, I think its maybe a case of trying one last thing..... TO put it out there and see if anything happens. I dont know.</p><p></p><p>who knows...... The world is such a nasty place just now ruled by people who just want to destroy us all OR have no care about doing so.</p><p></p><p>I feel sooooooooooo sad and sooooooooooo down, I just wish I could think straight enough to get the courage to end all of these thoughts and worries for good.</p>",15. NEGATIVITY  /  PESSIMISM  (NP),6,True
3URJ6VVYUPNUUR18S9PDJVPOUY0O4L,I am so depressed and anxious. The past 2 days have been hell. Ive cried most of the day. Cut myself. And been so terrified of what i will do. I have a dr appointment on Monday. Ive been depressed for 2 years but only had a few bad episodes. Im on venaflaxine 3 a day. But they just dont work anymore. Ive done counselling and im doing cbt at the moment but nothing is helping. Im hurting my mum by being like this because she worries about me and she doesnt need it. If i kill myself she wont cope but I cant cope staying here. I keep thinking i could throw myself down the stairs  or fake a car accident but that might not kill me and ill just end up injured and back to this state im in. I pray every day i get cancer and die       Im so desperate for help but ive tried everything. I even asked if i could be admitted to a mental home or even to hospital for a few days but my mum said the hospital wouldnt do that. Im not strong enough to keep fighting.       Please I need some help,15. NEGATIVITY  /  PESSIMISM  (NP),7,True
35NNO802AVW6KD0BCJR4Y7Z296WINF,"Feel awful today, had a bad night last night being on my own and i didnt take my Zopiclone as i try not to use them unless i really need them.      Thought i was on a better day yesterday but things caught up with me and all it took was 1 message from my dad! Really annoyed with him as he doesnt bother with me for days and then he tells me what i should be doing!      I have been taking my Citalopram but due to an upset stomach i have not been able to take any meds.      Feel so low and unwanted right now!",15. NEGATIVITY  /  PESSIMISM  (NP),6,True
3RDTX9JRTY1O6RFLSI42PHE9Q1497C,"xmas is a time of sadness. over the past few year ive managed to lose my job, family and friends. ive done some bad things that are out of character but they have ruined my life.   im on mirtazapine but lately i want life to end. thinking about overdose is the best way for me. sad days are once again becoming more frequent. i dont think my kids would really care in the end. just think the hurting will go away. i feel tired and had enough. there are many of us out there and ppl treat us like nothing is wrong. its like im in a dark forest searching for the right path but i dont stay on it long. i once thought i could see the light at the end but it seems too far. the end is only days away i feel as im so tired of it all. it doesnt get better anymore.",15. NEGATIVITY  /  PESSIMISM  (NP),7,True
3LN3BXKGC0VIBG3UEWIO9EZDN58GWC,"I went to see the cardiologist last week and my heart is fine but for some reason now I got this ""what if"" hanging over my head, did I tell her enough? Has she missed something? I felt better coming out of there but two days later my mood has sank, I've hardly said two words to anyone and feel in a really dark place. I'm getting fast and slow hard beats, but at least I can take some comfort that its just anxiety, but its getting me down. I feel like there's going to be no end to any of this, no matter how hard I try to get myself out of this it never seems to be enough, its always there lerking. I still think there's something wrong, when I've been told there's not. All this anxiety and depression is so crippling I don't know how much more of it I can take its driving me insane! ",15. NEGATIVITY  /  PESSIMISM  (NP),6,True
33EEIIWHK77W9GX3RII4HQK1MJFQV7,My boyf has been depressed for some time and recieving treatment. He has been doing realy well with few ups and downs. When he is down he is very mean to me (emotional abuse) and start of week he went ballistic over me leaving a box and a cup out. He has ignored me all week and said he hates me. He has now moved into spare room and took all his stuff in there. Calling docs would be a betrayal to him and yet I believe he is being totally irrational. He asked his mum to stay but his step dad said no so he started on her blaming her and swearing at her every hour by text. She said it was just like his alcky dad was and she is devastated. I have tried talking and I can't eat or sleep. He needs help but no idea where to start and now suicidal myself. He has issues with drugs now and then. I am scared. A couple of years ago we were arrested but only he got charged. If I leave I fear he will kill himself sorry its jumbled but I am lost,15. NEGATIVITY  /  PESSIMISM  (NP),7,True
37VE3DA4YUH4N90U3B4A70YTS43HBW,"I was diagnosed 17 years ago with Major Depression and Generalised Anxiety disorder. But I can remember feeling this way over 40 years ago. I am on anti depressants which appear to work for the depression side of things but all of the different anxiety disorders are off the wall. I awake filled with terror every morning, some days unable to get out of bed at all. It is difficult to explain to anyone. Every second of life is just terrifying for me. I don't know why. Nothing has just happened. I just know it will. I don't cope well with any difficult situation arising. I always have a ""doomed"" feeling. I try not to be negative, but I've always been a worrier, even as a little girl. I have experienced that those things ""unlikely"" to happen, always do in my life and so my brain needs to always prepare for the very worst scenario. I have OCD to the extreme. It sometimes takes me days to clean a room because it needs to be as close to perfect as possible. I have in fact, had a nervous breakdown over this not happening several times. Sometimes, I just let things go in a way that others don't. Because I can't do things ""by halves"". I wish so much I could just look at that cleaning job and 'let it go' saying 'that's enough'. Because of this pressure on myself, I procrastinate immensely. This makes me seem lazy. But I just want to be a good person. I come from a very abusive and critical background, where I was always told that ""near enough is NOT good enough"". I was relieved when I finally left home, although I was 19, I still call it ""running away"", not ""moving out"". I was told that if I left I was never to come back, even though it was required for my job. Despite leaving this behind me, my life has been littered with DV situations. I left the last one 6 and a half years ago and made the decision to live alone, without a relationship for the first time in life. I like living alone, I am not a social person and don't understand how to be, and in most things relating to behaviour, I don't understand ""where the line is"". I did try to obtain help with medication for my anxiety issues but the G.P said I was on the highest possible amount he could give me, of this anti depressant. I was given something extra, but it was only to be used if absolutely necessary due to being addictive. So its been useless to me, because I need a regular medication. I have had to go onto Centrelink which does not even cover my rent, but I do want to go back to work asap. Unfortunately, you're now thrown in with job providers. I've just started out with one for disability (DES) and he treated me in an outrageous fashion. My eyes were swollen shut when I left there. The expectation that I be fully functional for a job right now is an impossiblity when I struggle to get to the shower. There is no money for the doctor, or a psychiatrist or psychologist, or anyone who can help with medication for the terrorising, debilitating anxiety I feel 24/7. Let alone for medical certificates that they want. I even went to emergency at the local hospital for a medical certificate for them for the 3 months they are asking for, but they said they couldn't give me one, after waiting for hours and hours with many many people pushing my social phobia over the top. I came home and vomited.",15. NEGATIVITY  /  PESSIMISM  (NP),6,True
3XEIP58NL0N2R3M00AZBLAY30OYLZD,"It's all b*ll*cks, it really is. All I do all day is ride the bus a few times. I have nowhere to get to, it just passes the time, because I have absolutely nothing going on in my life. Nothing interests me in life at all, whatsoever. Frankly, I think life, in this reality, is a great bog con, where everyone pretends that everything is okay, when it really isn't. You just need to look at a newspaper to realise how messed up this world is.      I don't know, while I was riding the bus, I was thinking suicidal thoughts, hoping that somehow my life would come to an end, because I don't see things changing, improving, or getting better, as I'm way too stubborn for that to happen. Things haven't reallly shifted in 42 years, so why should they suddenly shift in a discernable way? I don't get that, it's like you're told things are definitely going to get better. Which is based on what? What evidence is there that things are going to get better? No guarantees at all, you've just got to hope that things will somehow improve, but hope is another con, as this life is. It's a con because whatever you try isn't worth the effort you've got to put in. The rewards aren't worth the effort that you have to put in, and pleasures are so fleeting and transitory.      I've had it up to here with this life. And I've had it up to here with trying to be positive or trying to put on a brave face, when the truth is that life totally sucks, and that I wish all of this  would come crashing to a halt. And I wish everyone would stop deluding themselves by saying that everything is fine when it really, really isn't.",15. NEGATIVITY  /  PESSIMISM  (NP),8,True
37M4O367VJIOQ7KWTYTAWJ6XZUGM59,for years I have suffered from depression and anxiety and was diagnosed last year. it feels too unbearable. the constant over thinking and feeling bad about everything makes my head hurt so much and I feel like I'm drowning and suffocating everytime and I can't take it anymore. I analyse every conversation that I've had throughout the day and i critisize myself everytime and by the time I go to bed I feel drained from having negative thoughts. I recently came out of a toxic relationship that left me with a realy low self esteem and everyday I criticise myself and blame myself for everything that happened in the relationship . I find alot of difficulty in getting excited for things because everything good that happens is always too good to be true and ends up never happening and I would feel depressed because I would have become so excited and then 2 minutes after the anxiety kicks in and I think of everything that could go wrong and usually I'm always right and I feel like an idiot afterwards because i got excited for nothing. I live in a country far away from home because home was realy stressful as my mother was realy suffocating and strict and growing up I never had the opportunity to make new friends and experience teenage mistakes and relationships because my mother always had me at home on weekends and I was either at school or at home and forced to go to church on new years eve and sundays even tho I was secretly atheist. and that also messed with my self esteem  and made me feel realy depressed by the end of high school so i moved to another country on my own. Being in a new country I've felt extremely alone and I haven't found people that I connect with yet. before my menstrual period I have to worry about the depression and anxiety becoming 10 times worse- the thought of living like this for the rest of my life makes me so worried. nothing is ever fulfilling i feel like i have tried everything and everyday is filled with emptyness - i feel like im drowning and my heart feels so heavy all the time and my head is just always filled with so many thoughts. I cant take it anymore...I dont know what to do .....it hurts to know that your google history has info on how to comit suicide and everytime I cross the street or go to the train Im wondering what it would be like to just jump infront of the vehicle. I dont know what to do anymore,15. NEGATIVITY  /  PESSIMISM  (NP),8,True
37VUR2VJ6APCT37MFMXKQXO4T07C1Z,"<p>It feels like i have been depressed all my life. Nothing in my life has gone as I desired. I am 27 years old now and the last 10 years of my life have been like hell. I was brought up else where away from my parents. Sometimes at uncle&#39;s house or aunt&#39;s house just like a football. I thought I had great future and do something great in life because I was brought up with my cousins whose parents were rich and I was kinda used to the lifestyle and thought my future was going to be great. But then I came back to my parents who were just average class people and I realized my reality. My parents were a mess, always fighting, and seeing this really depressed me. I realized how lucky my cousins were who were blessed with wonderful parents, a loving family they had, and financially their parents could support to make their dreams come true. Living with my parents made things worse for me. I realized that all the dreams that I had seen for my self would never come true. I had been about 15-16 when I was first depressed. My parents couldnt help me metally, neither financially. Despite all this mental torment I worked very hard and gave my best to studies and make a better future for my self but I failed which I strongly believe was some mistake and didn&#39;t deserve to fail. Also had heartbreak. It was one sided and that completely broke me. Lot of bad experiences in these last 10-11 years. My academic record is not so great, don&#39;t have a good job. Never been in any relationship and have been so lonely in these past 10 years. I never felt love or happiness, infact I wonder what that feels like. I dont think I will every see that aspect of life. I am seeing my colleagues, who are so happy, many of them married or in a relationship. But I am just...cant even find words. Time is running out so quickly, I am already 27. I have had such bad luck. Everything I had, all happiness, every reason to live, has been taken away from me. I feels like I was flying in skies and I fell so hard to the ground. Somebody &#160;just cut my wings. I would have hardly believed 10 years back that all this kind of things would happen to me and change my life so dramatically. Really its been like a movie. I wouldn&#39;t wish this kind of life even for my worst enemy.I have absolutely lost that spark that I use to have and wonder and try to remember what happiness felt like when i was in my teens. I can not think of anything positive now regarding the future. I have no hope and am in depression. Now my head is as if in cloud, can&#39;t feel anything. I suffer from anxiety and just recetly problems while speaking, fumbling which I never ever had before, considering that I was may be the best speaker among my colleagues. I know this message has been too long for anyone to go through but I just wanted to let out my feelings because I never share them with any one. I wish I was reckless and didn&#39;t care what people would think. But I just can&#39;t help change my self.</p>",15. NEGATIVITY  /  PESSIMISM  (NP),8,True
3Z56AA6EK40K9BKAYH3FOPKXVPRM6P,"<p>Hello, this is Maddy. Posting for the first time. Had to rant about my pain. Sorry for my bad English. I&#39;ve never been diagnosed before. Took online diagnosing and came to know that I&#39;ve both dysthymia and PTSD. I&#39;M LITERALLY SUFFERING FROM SEVERE ANXIETY, PANICK ATTACKS, LOW SELF-ESTEEM AND TRUST ISSUE. I&#39;m a spiritual person, I believe this is temporary, I meditate but seems like my inner demons are more powerful than my spirit. My soul is constant fighting between happiness and darkness. It&#39;s all started from my childhood, never got a better parents. Have so called boyfriend, who doesn&#39;t care at all. I love him hard, never ever thought  without living him(though it&#39;s a long distance relationship). My previous relationships didn&#39;t work out. Don&#39;t know why this world became so fake, selfish, rude lately.  Others successfull couple makes me feel jealous. Honestly I don&#39;t think my relationship with my parents and boyfriend is ever gonna be fixed as because they never tried to understand me (its my duty to understand them everything). I&#39;M TIRED, tired of moving on, tired of consoling my heart that everything gonna be okay oneday, tired of holding on,  tired of crying, tired of pretending to be happy in front of everyone  just because they don&#39;t understand, tired of praying to God. Nothing has changed since my childhood. NOTHING. Even God knows I don&#39;t deserve a stable, healthy, matured relationship. I&#39;m depressed and can&#39;t share my pain with anyone. I&#39;ve no place to escape. I was always been a wounded lone wolf who wandered in her small dark world. I don&#39;t see any purpose to continue this life. NO I&#39;M NOT [b]SUICIDAL[/b]. But lost all hope, desires, happiness, motivation just for my parents and boyfriend. I don&#39;t need anyone&#39;s sympathy. Just needed to vent. Thank you for listening with compassion.</p>",15. NEGATIVITY  /  PESSIMISM  (NP),7,True
3RWO3EJELH9VNSGQKRJQAXNBSJMP1Q,"<p>I feel like I&#39;ve forgotten what it feels like to be happy.&#160; Like I was born to be depressed, anxious, to be left out, to be neglected, to be used as a back up, to be misunderstood or for simply suffering. All the negative emotions consumed me since childhood. It happens often in my relationship or when I&#39;m with my family. I don&#39;t have much friends, just 1 or 2 who rarely there for me and &#39;get&#39; me really. My only friends are darkness, sadness, failure. My every night pass by soaking the pillow and suffering from shortness in breathing. &#39;Happiness&#39; is like a myth to me. I feel jealous and wonder when I see others to laugh or to hearing that they&#39;re blessed in life. Or when they&#39;re in successful relationship or have a compassionate family. What it feels like to be &#39;blessed&#39;? I just know all my life is full of wrong people and wrong time and I don&#39;t know how to find the &#39;right one&#39;. My life doesn&#39;t makes sense anymore.</p>",15. NEGATIVITY  /  PESSIMISM  (NP),5,True
3E6L1VR4XWME31STCUZ2TZ0OYOFF6B,"<p>Hello to everyone, i would like to share my story with you, maybe someone can relate and/or give me some advice. In advance i have to say please excuse my English skills, its my 3rd language, i actually live in northern Europe.&#160;</p><p></p><p>A bit of my backstory: i&#39;m 30, male, living alone. I moved to a different country. Born in a poor and later broken family. Complicated childhood, traumatized as a child.&#160;Did not finish high school. I have worked on and off since i was 18. I know what its like to have no money at all, and know how it feels when you earn more money than you can spend. I know what its like having a gorgeous girlfriend, have female attention and people being envious to me, but i also know what its like being alone on dry spell for many years. I know what its like owning an old crappy car, but i also know how it feels to own a brand new bmw. So, i think i have some life experience. Often i can find answers myself to my struggles, but at this point i&#39;m just tired of it all.&#160;</p><p></p><p>I&#39;ve been diagnosed with depression when i was 17, since then it has been a battle with it. The reason why i get depressed is because i hate myself. I have really bad memory, so sometimes i just forget that i&#39;m depressed. But then i get reminded again after i do something stupid, which happens quite often. I hate myself because i&#39;m lazy and stupid, insecure and very unreliable. I can say one thing but then usually do the total opposite. I often overreact even to minor problems and tend to be pessimistic about it. I&#39;m very sensitive, emotional and quite weak minded. I really can&#39;t control myself much. I&#39;m a grown ass man, but i still feel like i haven&#39;t grown up yet, kind of a man child. All those things about myself i hate so much. I don&#39;t know if anything can be done about it. I have talked to doctors, taken medicine. I have read books, articles and watched tons of videos about self help and depression and so on, but whatever i do, nothing really has helped. I often get [b]suicidal[/b] thoughts, i&#39;m just so tired of it, tired of living and trying at all.</p><p></p><p>Then main problem in my life is money or lack of it and no will to work for it. I just hate doing things. I hate getting up and going somewhere. Even things like cleaning and household, i can barely make myself do that, i just do it so it would not stink or get too messy.&#160;</p><p>When i was younger i could force myself to go to work and i had the energy to do the crappy jobs i had like: machine operator, mechanic/metal work, bus driver. But in the last years the bus driving job ate away the last strings of my patience and nerves . I get irritated and angry very easily now. So i just quit my job, i just could not take it anymore. I&#39;m now living on unemployment benefits and my parents are helping a bit.&#160;</p><p></p><p>I feel like a total loser, i hate myself even more for that now. I&#39;m embarrassed to talk to my friends or anyone. I feel like everyone around me have accepted the fact that you have to do some job even if you don&#39;t like it. But i can&#39;t accept it anymore, i hate that i have to go out and do some s**t what i hate for 8h a day for 5 days a week, i can&#39;t enjoy life like that. People say, then do something what you would like, well i&#39;m not intelligent enough for that. I&#39;m too stupid and uneducated to work with my mind. I could barely do those physically demanding jobs i had. But i would rather die than to do that kind of work again.</p><p></p><p>The only thing that helps me and makes me feel better is my passion for cars and driving. As silly as it seems, buying, owning and driving a car is the only thing that really pulls me out of depression. In those moments i can really enjoy life. People say to me, why not work as a mechanic then or a taxi driver, well, i hate manual labor or customer service. I feel i&#39;m not intelligent or talented enough to do anything else.&#160;</p><p></p><p>So here i am now, alone, lost, with just enough money to feed myself. A 30y old burden to my parents. No motivation or will to do anything, getting very angry and annoyed at minor discomfort. Feeling sorry and pathetic. I have had some good moments in my life, but i don&#39;t feel that the struggle is really worth it. I never wanted to have wife and kids, as stupid as it seems, but all i ever wanted is earn money so i could buy cars and car parts, and i kinda did it. But at this point i&#39;m just tired of it, tired of living, tired of the struggle. Very often in last years i have been thinking about [b]suicide[/b], whats the point of it anyway, like its the only way out...&#160;</p><p></p><p>Sorry for the long essay, but i really don&#39;t have anyone else to talk to. Maybe some of you can relate and suggest something. Thanks for reading.&#160;</p>",15. NEGATIVITY  /  PESSIMISM  (NP),7,True
31N9JPQXIPI6OIPR619JYVYN9THHNL,"<p>Hi </p><p></p><p>I&#39;m 26 and from about the age of 20  I have suffered depression from the pain of others esp young children , I have had many problems in my life that have brought me down but I always get back up and deal with it well , but ever since having my first child at 20 when ever I see people being hurt killed or abused in all forms it hits me hard I can&#39;t sleep it&#39;s like I can feel there pain I never new so much emontion before when I speak to others I think they just think I&#39;m sensitive but it&#39;s deeper than that if I hear or see on the news or any where else about abuse on a child that&#39;s it , it&#39;s all I think about and how they feel or felt , why are people so cruel . I&#39;ll go out at night to a bar which doesn&#39;t happen often and one little thing will make me think about children suffering, then that&#39;s my night over as guilt kicks in I question myself how can I sit here laughing a drinking knowning what&#39;s happening in the world we carry on with our day to days lives ignoring the pain of others while we do Nothing . I have two children which are my life I wasn&#39;t a kid person at all when I was young I mean I didn&#39;t dislike them I just wasn&#39;t  the one to be interest but as soon as I had a child it changed my babies became my world my biggest fear is losing them I try not to think about it coz it&#39;s sends me crazy I would die for them without a second thought which had me thinking does motherhood play a part in my depression as I feel like I need to protect children as if they were my own I feel like I can feel there pain it&#39;s so hard to explain because no one I know gets it it&#39;s as if the pain has happened to me but kinda not because I can deal better with my own than others pain I find it hard to get out of this state as there&#39;s never been a time in history were we weren&#39;t hurting each other It&#39;s feel like the bad over weighs the good they say we were made in gods imagine we&#39;ll I&#39;m confused because this world isn&#39;t godly there are people starving being abused and killed and it&#39;s like which problem do you tackle first there&#39;s so many I feel no hope in the human race we mainly only care about our selfs I mean you get the few that cry at rednoseday programmes donate ten pound then go to sleep and wake up like nothing is going on in the world like can&#39;t you feel the darkness spreading on this earth but nope no ones gets me they they say they get what I mean they don&#39;t don&#39;t FEEL what I mean it&#39;s like my mind has opened up to the real world TBH I wish I did still live in my own fantasy where my life was about me and what I wanted in live not caring becausing caring it something that&#39;s hard in a world like this anyway if anyone does read this am I the only one and why is this happening to me and does it get better even though the world never seems too </p>",2.  MISTRUST / ABUSE   (MA),3,False
36KM3FWE3RC6AXR8SML9W6DGNXA70Y,"Hi again, my daughter is now 25. I continue to bend over backwards for her and she continues to be rude and spread vicious lies about me. It came to a crux overnight when she came home very late. My rule is if you are going to be late, let us know. It's not about control, it's about concern for well being.  She hadn't spoken to me for two days and she entered the house, slammed the door and went into her room where she proceeded to yell how much she hates me. She was covering her face so I touched her hand so I could see her face. She accused me of being violent, then pushed me into the bed, smashed my picture frame and punched my back. She then ran out of the house.  As it was past 2 am, I thought it was best to drive around to find her. I took her car as it was the most accessible at the time. She woke up the neighbours and called the police. She told them that I stole her car, that I physically abused her along with a litany of other lies. This is the third time that she has contacted the police is 7 years. The venom in her eyes was soul destroying. She wanted me destroyed. As all the damage in the house was caused by her, she then started to fabricate her life story to elicit support from the police. It broke me to see how far she was prepared to go to destroy me. She can be very self destructive and emotionally immature.  She resents people who like me, especially people her own age. She makes up a lifetime of abuse stories, focus on me being an aggressive bully. As people cannot believe her stories, she records me when I'm really angry and having a rant at home (typically to myself). She uses this against me and plays it to anyone who will listen. I have always been there for her, even after all her shenanigans. She can either be very loving towards me, or very nasty and manipulative that constantly tries to entrap me. Her lies are baseless but the repercussions are enormous.  I'm now beyond exhausted. I told her last time she called the police that if she did it again that our relationship would be invariably damaged. This affects my work, my relationships with people, and especially my relationship with her father (my husband). I always make excuses for her and many times have even taken the blame.  She honestly hates me and wants to hurt me - physically and emotionally. I'm not sure that I can move on from this. I'm traumatised. She tells me that I'm not deserving to be a mother and that everyone who knows me hates me.  How do I move on? Thanks",2.  MISTRUST / ABUSE   (MA),6,True
335VBRURDJ09F6UVFQI8VR6QCO8E93,"<p>So i joined this forum in order to learn more about and hopefully help my sister. </p><p>Shes 24 yrs old and since middle school has suffered from BDD (body dismorphia). It started back in middle school when her &quot;friends&quot;, in order to gain status, bullied her. It was really bad, they would spit in her food and tourment her. It affected her really badly and still to this day she lives with those scars. I feel my parent&#39;s divorce when we were younger also played a factor in her mental illnesses. </p><p>To make a long story short, because of her illnesses which include BDD as i said, depression, anxiety, and OCD, it has hindered her ability to be independent. She still lives w my mother, has never worked a day in her life, is constantly in therapy, takes medications like you wouldnt believe, yet although she has gotten better, shes still nowhere close to being fully independent. I talked with her last night because she goes through these &quot;crisis&quot; where she completely shuts everyone and everything out and becomes very angry and just cries in desperstiom of her situation. I know she wants to get better, to be happy, but its almost like shes stuck and doesnt know how to get out.</p><p>She began to talk about how shes a nihilist and that really concerned me. I started to see just how deep her depression was. She said nothing in this REALITY will ever satisfy her. She said people think they are free but they aren&#39;t and theyre only fooling themselves. She talked about how she doesnt understand how people can be so evil in their intensions, said that people dont care. She has no interest in socializing herself, shed rather be alone because its not as bad as people make it to be.</p><p>What i took from everything she said was that she has detached from reality and she almost has lost the abiliy to love and be loved. </p><p>Im not sure what to say or how else to help her. My mother, especially, and i have been trying to help her for almost 10 yrs now and she seems to be sinking deeper and deeper into this blackhole. If anyone has any piece of advice, it would be greatly appreciated.</p>",2.  MISTRUST / ABUSE   (MA),5,True
3VAOOVPI3ZSIME5WL982DVN5LFQLLU,"Hi, I have been really struggling all week with feeling exhausted and a lot of this depression resurfacing I think is because of panic attacks. My abusive ex-partner always tried to control me and say I had to follow what he said or he would physically hurt me and get angry, sometimes try to kill me when his anger outbursts got really bad. I then just go into a state of panic. I am just feeling really fearful even after having relocated and scared of him. I overheard his family saying how they were going to try to take me to civil court and how they wanted me to die. I am constantly feeling in fear. He told me he knew my patterns and how I worked and would find a way to control me. I do not want to go to police because I am really scared of these people. Does anyone have any experience with dealing with panic attacks? I am in a constant state of depression because I am sickened by how these people have got away with what they have done and not only that but ganged up together to cover it up. Does anyone else live in fear like this after being threatened and abused? Does it ever get better? They are just so sick. I feel exhausted because they were so sick and tried to kill me and hide it. Thank you.",2.  MISTRUST / ABUSE   (MA),7,True
35JDMRECC49OUGH3TWOIN8SDG13EGU,"I was told by my GP 4 years ago that I had depression. Since then I have been to Italk councillor for 19 sessions to help with my mood swings.    They are more controlable until I lose control, then I have to hit myself hard on the forehead to stop myself lashing out.   I still suffer with anxiety, if I am alone in a room I am okay, but as soon as someone else enters I feel  myself going. Now I have been  misunderstanding what people say to me   I answer a question and  I am looked at as if I have 2 heads. Am seeing GP in case I have start of dementia, she thinks it may be my  meds or my depression.",2.  MISTRUST / ABUSE   (MA),6,True
360ZO6N6J1J7RUM8WO6R8ZBZLQZ9MN,"after 7 years of being on venlafaxine after really bad post natal depression I'm going to attempt to quit. I have read the forums for tips and it seems everyone's story is different. Here is my story. I have suffered depression since a child but coped with it as I thought that was how life was. After post natal depression I agreed to take anti depressants for my childs sake, I didn't want him growing up with a tearful, crazy mother (like I did) I guess they worked, or it may have been mind over matter and having a beautiful child at 42 which was such a blessing. But we all know being a parent adds to the workload and it's never going to be easy. I really believed having a child myself would make me happier than I had been growing up as I could give my child the love I never had and realise that the life I used to have was not normal. I went back to work full time, got a bigger mortgage and done it all on my own. I don't resent any of it, I love being a mother it's priceless. I had ups and down days on the venlafaxine but I really did have more good days than I used to have, so there's progress, after 6 years of being on the tablets I have started getting really down again with uncontrollable crying and angry moods. When I feel like I'm running a hotel and the partners not pulling his weight I let off a tangent and really hate myself, but that's probably how most women feel at times. My mum makes me feel worse and really brings me down as I can never go to her when I feel low as she goes on about how lucky I am and I know how she has felt, so the support was never there. At Christmas I invited the parents over to stay and mum was in a right filthy, patronising and picking me to pieces mood. I finally snapped after 3 whole days and nights of it and it finally hit me that my problem was right in front of me. I was emotionally and physically abused as a child by my mother, I'd had bottles smashed over my head, beatings that these days would not be acceptable and living in fear of what will she do next. When I moved out at 26 the emotional abuse still continued, I was constantly getting bad comments and my mum was like a time bomb, sometimes I'd leave her house in tears as she made me feel so low. At Christmas after telling her to leave the house as she had over stepped the mark, her venom flooded out and she told me she hated me over and over and said she never wanted to see me again. In a way I knew this would be for the best, I could finally start to get better. I've had 2 breakdowns at work and having counselling. I believe this is my lifestyle so this is the start of kicking the tablets.",2.  MISTRUST / ABUSE   (MA),7,True
3D7VY91L65XQFN15U8KNZ56P9Q2BMZ,"I was kicked out in October, by a mother who's abused me for years. It was mostly psychological abuse with physical only being used as a last resort or a scare tactic when the psychological threats weren't enough. I was hit, cut, battered and bruised, screamed at, isolated, controlled and faced frequent verbal abuse. I have been told that I was a ""waste of space"", ""burden"" and much more. My mother works a high-paying government job but frequently complained about me taking a financial toll. I lived in a rotting, decaying house while my mother lived it up in hotel rooms across the country, returning once a fortnight. My father has been out of the picture for many years and is an ice addict, and I once experienced trauma at the hands of his ex-girlfriend, who would lock me in a room for days at a time and force me to eat out of the rubbish. Naturally, I have some pretty big mental health issues associated with this. I'm currently living with the old family-friends I had previously been barred from seeing. However, this living situation is proving itself to be just as inadequate. One of the people I'm living with has chronic pain and thus is extremely temperamental. I am frequently being screamed at about things that have nothing to do with me, or things that are my fault but caused by trauma, and have unfortunately taken on the role of being the household's scapegoat. As someone with C-PTSD, and extremely sensitive fight/flight/freeze responses, this has been pushing me over the edge. My hyper-vigilance is through the roof as I live in the lounge room on a sofa bed. Every sound sends my heart racing and I still flinch when I hear doors open and close. I'm alternating between feeling the need to run away and the need to scream. My sleep is still shitty- it's about three hours of nightmare-plagued hell. How can I tell my body that it's safe, and that it can calm down, when it's not safe? Not entirely, anyway? I don't know what to do, or where to go. I'm in Year 12 and I don't want to change schools... I don't have the means to support myself financially and I'm sick of burdening others. I can't get Centrelink because my mother refused to sign the forms the last time I spoke with her (which was months ago) and if I submit it without her knowledge, I'm scared of what she'll do to me. And I am NOT going to the police. Advice on how to deal with this?",2.  MISTRUST / ABUSE   (MA),7,True
36AZSFEYZ4095AVE80LEM1P20JEBVG,"Has anyone here experienced repressed grief like I am?   Back in school I suppressed the grief and horror of my boyfriend's suicide at grade 10, in fear of attacks by other homophobic students.  Watching others get beaten in high school on the suspicion of ""being homo"" and having a knife pulled on me for much less in school I was scared to acknowledge his suicide and my grief.   I went to confession at the church then and I got condemnation instead of help.  I feel terrible that I and him had to keep this secret in school out of fear of threats of violence so we didn't tell our teachers or staff about his depression.   I repressed this memory for many years, so I can go on with my life and hide the truth, until I came back to a recent gathering of my school friends to welcome Nigel (not real name) and his new husband recently with openess that was denied to me and my boyfriend.  I am scared of my own guilt and I fear I will be rejected by my coworkers and family if I tell them what I am going through.   How can I deal with this grief and guilt in secret like this without losing it?  I am so alone.  I feel a toxic mixture of grief, guilt, resentment, fear, and confusion.  It hurts so bad that sometimes I want to die to make this stop. To make things worse is that I work stateside in one of the states that passed a law against LGBT people.  There are no protections of employment, housing, or services for LGBT people here.  How can I get past this to feel safe again?   I started getting help but I am only permitted to see psychologist once a month.   I drive out to the country to find a cemetery so I and cry every day.  My wife doesn't understand because she will think I'm gay instead of bi.  Any suggestions, please?",2.  MISTRUST / ABUSE   (MA),5,True
3J9L0X0VDFM3W6GM0QCEHXDQJSDW91,"I've been on and off treatment for 12 years now. On constantly for the last 6 years. And nothing seems to improve. Every time I get a little better and manage to actually go to work, all the extra support and talking therapies are taken away.   It's exhausting. It takes me longer and longer to trust people when they keep saying ""you seem to be better. I'll discharge you now.""   I haven't had any big life event, I had a decent enough childhood with a large, fairly supportive family. There's no reason I can see for me feeling this way.   But I do.   I just see everything people do for me and think ""I'll never be able to repay it all"". I feel like a complete and utter s***.   And now I just feel too tired to keep fighting. It's just a cycle, slowly spiralling downwards. I feel like cutting out the spiral and taking the direct route towards what seems inevitable.",2.  MISTRUST / ABUSE   (MA),5,True
31S7M7DAGGQ65RD1UIATZMXMFSCTL5,"I'm 30 years old residing in Wisconsin. I have quite the past and I'm truly sorry for how I've acted in the past. I'm going to counseling and I'm actively seeking treatment for my issues including going on 7cups. At one point in time not everyone I was talking to was my age and I don't remember the conversations I had but I've wanted to suicide because of a few things. I realize nobody that's innocent should end their life but nobody has listened to my story. It's all about my actions not what happened to me. Growing up I was treated rather horribly including bullying attempts, etc. I was also beaten by parents, deprived of bathrooms, etc. I also gave into some very horrible people growing up. Nobody listens to my trauma or my story.",2.  MISTRUST / ABUSE   (MA),6,True
3BA7SXOG1JQYA5GQW4WUU2AY77GR84,"Hi,     I am an adult survivor of Childhood abuse and Trauma. I was abused by both parents growing up well into my adult years. I am now 40 years old.     I let go of him (male family member opposite to a mother) I cannot even say the name. I let him go just after I turned 30 years old. I finally realised it was not my fault that my father did not love me. 18 years of my life completely wasted. It took me roughly ten years to deal with the grief, loss and abuse. It was so so so hard. I did not go to counselling. In hindsight maybe I should have but cannot be undone what is now done. I still have some things to work through in regards to him but nowhere near as much as my two remaining family members, her ( again opposite to a father) and my sister. I have made a choice that when he passes away (not that I will find out probably) that I will not be going to his funeral. He did not want me being alive, so really he does not deserve my farewell or respect. I already said goodbye to him. I know there is no chance left nor hope of ever having a relationship. So I have said my goodbyes in my own way. Sometimes it still hurts, like when I am going to do something that any daughter would love to have him with them and I feel sad for a moment. I guess no matter how much work I do there will always be a small part of me that feels a pang of sadness sometimes. I don't acknowledge Fathers day and I don't acknowledge his Birthday. I just get on with things.  5 months ago  I left a same sex Domestic Violence relationship.Nobody knew I was in a Domestic Violence Relationship. I still have that to heal and recover from. When my remaining family members found out, I was not even going to tell them, My sister never did a single thing, not one single thing to help me or support me. My mother came to court with me once and I will not say what she did that day, I will just say that after many many many years of severe abuse and trauma from both of them, something inside of me said NO MORE. It was a real strong NO MORE and I meant it which changed my whole world.  So to cut a very long story short, I am currently in a place now where the hope has died. I held hope for a long time. Hope for the family I needed and wanted. I have come to realise neither of them actually want to change and that is why my hope has gone. They don't want therapy and it is all about them. I am in therapy. I don't have any friends so I have no emotional support or people to talk to. It's VERY painful.",2.  MISTRUST / ABUSE   (MA),8,True
3K2CEDRACB1QB9VMUUB8ZZCBFX2TM7,I stopped taking my medication (citalopram 30mg) two weeks ago.  Not because I felt better but because I hate myself so much I dont want to get any better or lose the drive to kill myself. I was in psych hospital two weeks ago for attempting to kill myself but I realised I dont have it in me. This has made me feel worse because that was my only way out and now I dont even have that anymore. So I was angry with the medication for taking that away from me and stopped taking it.    Now im suffering from really bad withdrawals with the worst anxiety ive ever experienced and these electric shock sensations and feeling really panicky and low.   I had an appointment with my gp today and wanted to tell him but I bottled it and ended up just saying I wanted to switch to something else and so hes referred me back to the cmht for a psychiatry outpatient appointment.   I want to tell the gp/psychiatrist but im scared that they'll get mad and give up on me. I dont think they'll understand that at this point I dont want to get better and im scared they'll just think im an attention seeker.    Im also worried that I have bpd because I feel like I have a massivr void and suicide was the only way I filled it before and now thats not an option I feel so overwhelmingly empty. I dont judge people with bpd but having worked in a community mental health team myself I know how much the staff themselves stigmatise people with that diagnosis!       Please help I feel so desperate and alone because I cant tell anyone about this cos they'll be so mad with me for doing this!,2.  MISTRUST / ABUSE   (MA),5,True
3538U0YQ1FUF6I5BTS14MWO4OXDF35,"I used to be the most energetic and happy person, so filled with love for my life. The last 4 years my life and thoughts have rapidly declined.      Every morning I wake up and I just want to cry. I no longer look forward to anything anymore that once excited me. I dread hanging out with friends because it’s too much work for me to put on a happy face. I just feel numb.       Within the past year I’ve lost my amazing grandfather who was everything to me, my dog is dying(who is my world since I was 12)’ my mother is moving away to a different country with her new boyfriend, and I’m living a life with no purpose. I’m so comfortable sitting in my room everyday watching tv and being alone, and I know I’m wasting my life. I have no motivation anymore, nothing makes me happy. I can’t explain it. I wish I could get off my ass and do something with my life, but I’m just numb and tired. I get extreme anxiety talking to certain friends/guys that I would prefer to hide in the comfort of my own home. My parents are getting older and I can’t even bare the thought of loosing them. Everyday I imagine myself dying in a car crash, or loosing family in an accident.. and it makes me loose my mind. Someone please help me figure out what to do. I’m too scared to take medication because I’ve heard awful stories. I’m 23 btw. I’m sorry for ranting I’m just lost.",2.  MISTRUST / ABUSE   (MA),5,True
3X52SWXE0X55U4NPCAM5JNEYPDGWCI,"hi,      i need some help.  I got up feeling more positive today or trying to be.  I got bullied by my neighbour for best part of three years, she moved out he remained.  I don’t look at his house or him but he was coming towards me today and started saying why was I so ugly and nasty no one likes you down here.  I replied saying that people are very ill and then there is you like you are.  I tried to keep it together but feel so down again and feel worthless, like I must be ugly etc.  I chat to people with the smile I’m good at now so not everyone does think like he said but still feel sad.  I’ve no idea how I can get better.  I had thought of private counselling has anyone tried this? I wouldn’t be able to go weekly but maybe twice a month?  Any help?",2.  MISTRUST / ABUSE   (MA),5,True
302OLP89DZ78NRKMB5QD1YH7XUDCAN,"I have just left my partner of 9 months, 10th time is a charm, and this time I want it to be for good. Apologies for the long story but I’m sure this will always be very cleansing for me to open up. I met him over a year ago through tinder. He’s due to turn 40 this year, I’m 28. My therapist believes from what I’ve told her that he has borderline PD, and narcissistic too. I knew something was off about him from the start. He came on very strong, showered me with upmost attention, acted caring and attentive. He put me high up on a pedestal. He pushed a relationship after only one date even though I was adamant about taking things slow, and love bombing me within three weeks of knowing me. Massive red flag. He was deceitful, manipulative and needed constant validation, if it wasn’t from me than it was other women. He disrespected me through sexting others and sending half naked photos of himself. I never discovered him physically cheating but my gut feeling was telling me he had, which I trust especially from his other behaviour. He would go silent on me for days on end if I voiced my needs and wants not being met. It was definitely his need to gain power over me. But I also wonder what else he was doing on those silent days and if he was with other women. All the names I got called when we would argue, I.e a psycho, bore, crazy, and apparently passive aggressive. I felt so worthless, unappreciated andndevalued in the relationship. I kept idealising a fantasy of what this person could be, only focusing on the good, rather than what he really was and overlooking the bad. When our times were good and I felt loved, I was in ecstasy. I’m still addicted to the high of making up, seeing his name pop up on my phone, and the crumbs of the intimate moments we shared, and I kept going back for more of it. I always ended up missing him and wanting him hence why I took him back. I know the underlying reasons why weren’t healthy, and need to go walk away for myself and my future. I truly deserve far better. I grew up in an emotionally abusive and dysfunctional environment of my mother being an alcoholic, and witnessing intense arguments between my parents. My understanding is that I found comfort in the abuse my borderline was giving me. I’m in therapy now to overcome the codependency and learning to love myself for the first time, but wanted to gain extra support in my weak moments of unblocking him... Can anyone else relate to my experience?",2.  MISTRUST / ABUSE   (MA),7,True
3M93N4X8HKNZV1CM2XTQ92O89KTJS4,"Last November, I was involved in a financial scam. I lost more than $25,000. Basically all the money I have. This person was introduced by an acquaintance. I think my acquaintance told this person a lot about me, so he quickly got my trust. Long story short, scammed all my money, I reported to local police, but money is forever lost and I am in debt. Need to pay off a loan to the bank. Basically, all the money I'm earning from my job now, is used to pay it off. Which means, I have no extra money for myself. I haven't been buying my own groceries, my wardrobe is extremely out-of-trend, and I'm back to having trust issues, especially when colleagues ask me to try dating sites to meet a potential husband.  I almost got into an argument with my dad yesterday morning. I was telling him that he shouldn't be going out so much because the air quality in our area is bad (fires burning, and smoke in the air). Then he goes off telling me, that I don't go out at all, for anything, but to work. I stopped myself from responding him, because I know I will just get frustrated and it will turn into some sort of argument. My thought process is, I don't have excess money to spend. So, there's no point in going out. It's not like I don't want to be out and about. But this is something I don't want to bring up again. This experience, was unfortunate, and I'm still angry at myself for being stupid and believing in what I'm being told. I guess I made things worse because I'm also the type of person who has trouble saying ""No"" when being asked to do something. Except this time, I paid a big price and it backfired.  I'm still quite saddened by this, and I can't share it with my family, so the only place I can think of, is here. Things like what my dad has said, triggers me. I was quite depressed during my shift at work, even asked my colleagues not to talk to me much. I actually felt emotional at work yesterday, I almost wanted to have a meltdown. I'm not quite back to normal yet today, I think it'll take a few days to calm my feelings. I'll try to act okay at work though, and just dwell on my own time. Reading over what I have written here now, is making me teary. My career changing goals and wanting to finish my Diploma, now all has to be postponed because I don't have the money for it.  Thank you for reading this far~",2.  MISTRUST / ABUSE   (MA),6,True
3FJ2RVH25Z6HKQIFM6N7TQX1FLI92W,"<p>I am feeling so alone, depressed, sad and completely hopeless. I am married and have 2 kids. i sometimes feel like if I could commit suicide it would end all my hurt and pain but i won&#39;t ever actually do that. I don&#39;t know what to do. I&#39;m always looking for someone or something else to make me happy. I am either extremely happy or extremely sad. I got a job that paid extremely more than I usually make and I took it. Since I have been there everyone hates me because there has been a lot of change. It&#39;s to the point that they are trying to make me either quit or are looking for ways to fire me. I can&#39;t sleep, most of the time I don&#39;t eat and I never want to go to work or even get out of bed but I have to or my family will lose everything. I feel like every aspect of my life is horrible. I feel like my family thinks poorly of me. My job and the way people treat me there makes me want to end my life just to escape it. I feel like my husband doesn&#39;t really care about me or is oblivious when I am hurting. I actually try to reach out and have relationships with other men to get what I am lacking and I always think that ends up where I want their attention at all times and I don&#39;t get it so I get even more depressed. My husband pretty much does everything for my daughter and Its because I feel he thinks I can&#39;t do anything right and I&#39;m always so depressed I also just set back and let him do it. If I could quit my job and not have to do anything or have a less stressful job and be able to work a job that doesn&#39;t have as many responsibilities just to have some stress lifted off my shoulders I feel that would be amazing but I am always searching for something to make me happy and nothing does. I&#39;m not happy and don&#39;t know how to be. I can&#39;t make simple decisions. I looked online for questions to better know myself trying to find myself and I can&#39;t even answer most of the questions. What&#39;s wrong with me? </p>",4.  DEFECTIVENESS / SHAME  (DS),7,True
3B623HUYJ4QABKG3BTWZKCFUT9Z8S9,<p>Ok this is tough and is the first time I&#39;ve made myself vulnerable and posted so publicly. I had been in a really good place mentally with work going well and me embarking on a long distance relationship. Had a successful first meeting in January and I hoped things would progress quickly but they haven&#39;t. I guess this is where things unravel in my life a little. As my focus was on this girl I&#39;m madly in love with my work performance did dip and I didn&#39;t get the review marking I&#39;d have liked. The relationship then started going  through a tough spell as the initial honeymoon period came to an end. Throw in some financial problems/concerns and we&#39;ll need I bore anyone that reads this by continuing. </p><p></p><p>The upshot is I feel like a failure and that I and the world would be better without me around. This isn&#39;t an all the time feeling but sometimes I feel I&#39;m hopelessly out of my depth and can&#39;t do anything right for anyone and they frankly I&#39;m a nobod. even though I know I have friends I&#39;ve tried opening the door to talk to them about how I&#39;m feeling but only 1 picked up on it and even then I think they misunderstood what I was saying what should I do ? </p>,4.  DEFECTIVENESS / SHAME  (DS),5,True
3L1EFR8WWT51LKURA12ED9RQOPN9FG,"Over the past two weeks, three, i have mentally and physically declined. i spend most of my time rocking when im alone, if i do this infront of others i get told off but it soothes me. i have been pulling out hair, scratching at my face, digging my nails into my palms to the point i can actually feel the bite, i have no purpose for being here im ill and everybody hates it, me, i hate it! I hate the  damn whole lot of it.  i just want to escape. i want to go to sleep and never wake up. the headache is so bad and its gone on for five days at max level. i cant do this anymore  i'm completely pathetic. And i lost control outside i pushed a guy on his a*se after he called me names. i thought i was getting better. i wont be able to see my dr til after weekend. im losing my mind i know i am. its all i ever had and now thats going too. im sorry. my dr already knows about the depression, should  i tell him that i think i might be going full tilt crazy?",4.  DEFECTIVENESS / SHAME  (DS),6,True
3QXFBUZ4ZKG5JCEPJW3NRQEG2PXGUD,<p>Evening life is rubbish come to the conclusion I have allowed myself to be manipulated most of my life and that is why I can&#39;t or having problems dealing with it now as I have no idea who I am anymore. The puppet master has cut the strings and I no longer work. I am a horrible unconsiderate uncaring useless piece of s***. &#160;sorry I am writing this in anger and disgust. Off to bed to try and get some sleep the mixture of drugs and alcohol should work. Night all xx</p><p>&#160;</p>,4.  DEFECTIVENESS / SHAME  (DS),6,True
3W3RSPVVGSRL54SQUN034IJOY6JLUO,"<p>My life is and has been so painful. All my life. Pain. I just can&#39;t take it anymore. I feel like it&#39;s only going to get worse. Especially because we all age. </p><p>I suffered so much as a child. I wish I could go back in time and call CPS (in the US) on my parents. My life has just been awful. I can&#39;t got into detail. But I am so depressed. I am currently in a situation where I feel stuck. My poor choices led me here, but I can&#39;t seem to find a way out. It&#39;s jut another awful reminder of how awful my life has been. I wish I could be born from a different family. I wish I had people in my life who actually love me. </p><p>I feel like I&#39;ve had the absolute worst luck. I feel like if even just a few things had been different I would be a different person and that person would be happy. But whose to know? I wish I could kill myself right now and be reborn to kind and loving people. I wish I could actually have a childhood and be ready to be an adult when the time came. I wish I had a partner who was kind and loving towards me. I wish I had grown up to be who I wanted to be. </p><p></p><p>I wish I was a different person with a different life. I wish that there weren&#39;t awful people in the world who have kids and leave them in the street to fend for themselves. I feel like I was not made for this world. It&#39;s just too awful for me. It&#39;s wearing on my soul and I wish I could escape this pain. </p><p>I wish someone would tell me I &quot;will have a good life and it will get better,&quot; and that I would believe them. </p><p>I&#39;m not looking for advice. I just needed to get this out and have someone &quot;hear&quot; it. </p><p>I wish someone would love me. Wrap me up and help me heal. Protect me from further hurt. </p><p>I am hurting so much right now. </p><p></p>",4.  DEFECTIVENESS / SHAME  (DS),7,True
3JHB4BPSFK9YC9K0OHD8P8V4VRW9QA,"I rarely post on here but am feeling so down and deep in a pit of negativity that I just need to moan a bit.   I just feel so alone,  unwanted and unloved that I can't summon up any energy or will to do anything about it.   I don't care about myself or think I deserve anything better than living in a very messy flat,  doing without hot water because my boiler is broken and I can't face sorting it out at the moment.        I am getting criticism from friends for forgetting everything they tell me coz my brain is all fogged up,   and an online friend (not on here) has turned against me coz they researched my family tree for me and I promised to send her something she wanted and haven't.   I wish Christmas was over and I wish I wasn't so alone.      Not looking for advice but empathy please.   x",4.  DEFECTIVENESS / SHAME  (DS),7,True
3WPCIUYH1A8N7FP9H1C5G9PH6JATDP,"Hi guys,  I am feeling hurt because of my own family.  I had my grand children today, 3 1/2 and 14 months old.  I took them to the park and then to the next town on the bus.  It is not easy as i have walking difficulties but i enjoy the children.  I got back to theirs and needed a coffee so sat down for 10 minutes, realised the time and went to get the tea as their mum was due back from work.  My daughter got back and started shouting at me as i hadn't done their tea, it was not going to take long as it was going to be done in the microwave.  We had a lovely time and sat by a small waterfall in town and had snacks and juice, the kids were not crying with hunger.  My granddaughter was upset because mummy was shouting and saying nasty things to me.  I feel unappreciated and used as i am there for my family.  My other daughter didn't speak to me for 21/2 months, her and her partner threw me out of their house for no reason, my daughter said nasty things to me when her partner was upstairs so he didn't hear what she was saying and my daughter said untruths to him, he threw my shoes at me and said i was not welcome again.  Then i found out they had moved house 1 month after she moved.  I have not been invited there thou i know her sister and friends have been there.  I came home tonight and cryed because i feel hurt that i am treated this way.  I don't ask for nothing,  thou it would be nice if either of them offered to take me shopping occassionally as i struggle.  Through counselling over the years it was explained to me that because my father shouted a lot, said nasty things, even said he hoped i would die on a plane. He said i would be no good at anything, said nobody would ever love me, called me and my siblings b.......s and imbeciles, should never have been born and that he wanted to cripple me.  I have had problems with septic arthritis since aged 11 and he used to kick me in that knee saying i will cripple you and so on.... so when i am shouted at or critised, and nasty things said to me by my family i go back to the little girl  afraid of my father and feeling helpless, and the hurt is overwhelming.  It's like they know how to hurt me and it reignites my feelings from my childhood.  I feel like hurting myself thou i don't act on it.  I feel unloved and like i am being punished for something thou don't know what.  I do my best as a mother and grandmother.  I rarely post here as i like to help and encourage others here, but today i feel like i need to express my pain.   Here is a quote a friend sent me : The circumstances of your motherhood may be difficult, troublesome and confusing. Even so, there is a circumstance that superceded all the complexities of your life.  It is the simple truth that the one great, permanent circumstance in which you live is that you have been allowed to walk in newness of life as you are united to christ by faith through grace.  Our joy cannot be wrapped up in motherhood but only in God'.  I am a christian which is why this quote was sent  to me from a christian friend.",4.  DEFECTIVENESS / SHAME  (DS),5,True
3JU8CV4BRLCGJKNRQTH1MT0JLUWOPC,"HI, this is the 1st time i have basically reached out for help. I'm a very private and frustratingly stubborn person. But i desperately need help. I have a serious case of Depression and Anxiety. Saw a GP a few weeks back. Diagnosed me with his handy little checklist and gave me a stress relief booklet and sent me on my way. Even after sharing that suicide is on my mind everyday.      I'm 23, unemployed, still staying at home with my mother and have had Depression for the larger part of my life. Though my family don't know about the Depression and Anxiety. Won't be telling them.      I have been looking for help for months but things take too long. Plus i have limited internet access and can't phone any specialists in fear of my family finding out.       I hate to admit it but i'm scared. I don't know how to move forward. I don't know how to even live my life.      I've had a rough and confusing childhood and painful teens. Not the worst, but bad enough to mess me up this bad.",4.  DEFECTIVENESS / SHAME  (DS),7,True
3421H3BM9AHHQMGNTRTZS7JIHW4J9T,"I genuinely can’t explain why I’ve felt compelled to write any of this but it’s my understanding that it’s good to write stuff down… So here it goes… I already know a lot of this won’t make sense even to me, just overflow from my mind as it jumps from subject to subject…      This is being written offline just after trawling through depression forums, I’m still in a questionable mind set if this will be posted anywhere. We’ll see I guess.      I can’t remember ever being consistently happy. Sure, I’ve had my moments, who hasn’t? But being really truly happy… can’t think of a single instance. Don’t get me wrong, just because I’m not happy doesn’t make me sad but I tend to feel nothing when good things happen or when people have joyous experiences around me. It just feels like nothing. I’m there but completely distant at the same time.      It’s important to note, just because the happiness and joy never often surfaces and never for very long, the sadness and self loathing come out of nowhere and mentally destroy me on a frequent basis. As I’ve said, I’m not sad all the time, but when it comes, it comes with vengeance. I’m not filled with tears, just hate. Hate of myself. I have always and will always continue to have the lowest possible opinion of myself. “You’re lower than pond scum”.      I’ve been diagnosed with depression before. Took some meds that I can’t recall and it pretty much tore a hole in me. So I stopped taking. Never went back to the doctor. Should I? Doesn’t matter, probably won’t. They can spend their time on the useful, I’ll spend mine with the damaged goods.      Believe it or not I work full time in a technically skilled job and have been in the same industry for 6 years. Never missed a day for my issues but I cant help taking it work. Work. Work. Work. Sometimes the worst part, working for idiots who bury themselves behind convoluted processes meaning I can’t get anything simple done without jumping through hoops. The company (like every other company I’ve worked for) want’s people to suggest fresh ideas about how they can improve and throws around phrases like, “ask any of our directors about the direction of the company, we want to be completely transparent with our staff”. What a load of bollocks. The amount of new idea’s I’ve suggested at a technical level that have been declined purely because the decision makers don’t understand and have no inclination to attempt to understand is laughable. And as for the direction, ask anything about what are growth plans are in the market and you’ll lose ten minutes and still be none the wiser.      So, to the current problem at hand and the thing that’s boiled my blood and fuelled my misery more than anything in ages, I have an apprentice who I have been giving a lot of my time to teach and develop. I don’t know if he’s just scared and a bloody idiot but I’ve caught him out twice lying to my face, once about him being late and another about a technical mistake he made but wouldn’t fess up to. Even when sliding definitive evidence right under his nose, I get a flood of denials and more lying. If there is one thing that really irritates me, it’s people lying to my face. It makes me seethe for days, I can’t shake it and can cause things I don’t want to surface.      Anyway, I went away on holiday for a week and left him in the office with list of jobs to complete which were very achievable. I come back to find none of it’s been done. Right. As you can imagine what ever joy I had from the holiday quickly washed out of me. After doing a little digging I found what he has been doing: excessively screwing around online. At this point, I was tempted to defecate on his desk to really show what I thought of him but saner heads prevailed.      So I began following the company processes, those things I love so much and was advised by HR not to check his internet history… I still don’t know why. Surely as his line manager and I have strong suspicions that he’s been messing around online I would have every right to use the evidence I’ve gathered. After checking our policies, it’s stated in black and white that I have the authority to check and raise it. HR still advised me against… again, for no reason what so ever. Frustration, anger and despair. Why the hell couldn’t I take this to him!? I’m not intending to get the lad fired, what a waste of time that would be for me training him! He think’s he got away with messing around online while the boss was away and he’s been slapped on the wrist for not doing his work and I’ve had enough! I’m going to take it to the little twat and I don’t give a toss what happens!      The continuing idiocy above me, the lying below me and the nothingness where I am is taking its toll. I’ve had enough. Totally enough. I’ve been doing this for 6 years, 6 god-damn years of experience in a technical field and I feel like I’m going nowhere. I’m longing for something else, anything.      My mind now goes to moving into a self employed role, working for myself developing software. I know the market exists, I know it’s do-able. I can’t get past myself. I need to get out of here. Just to go. But I can’t. It’s an aspiration to not work for idiots that I fear will never be the reality I need.      From here is actually the day after writing everything previous. I walked home with my wife after work. I was miserable. So miserable. I completely broke down crying in the street at the thought of my inability to be happy one day destroying our relationship. This has never happened before. I tried to make it clear that she’s the only thing keeping me above water and if I’m upset it’s not a reflection on her… I hope I got the message through. I was in absolute despair last night. I just felt empty, so empty and I couldn’t get hold of my emotions. Just sat and cried, got angry then cried some more. I couldn’t tell you why at this point. I felt and still feel completely unstable. Back at work and can’t shake any of it.      Don’t know what to do with myself. Feel completely useless and going nowhere. I want so much to provide a better life for my wife. Probably won’t happen. I’ll find out I’m as useless at software development as I am at everything else. I’ll end up continuing my futile work until I’m a lonely miserable old man. That’s probably the future I deserve right? Why should I have any better. People who can make something of themselves. They deserve it. Not me. Never me.      Even when I’m at my lowest of the lows. I can still rationalise everything. Everything. Cant do anything about it though, even how much my own behaviour makes me sick. Get up and go and do something. Nope, busy sitting here and getting irritated about my lack of motivation. Vicious circles that I just cant break out of.      I still don’t know if I’m going to post any of this. I might just so I know someone knows how I feel. Not that it makes any difference. The world can know and I can shout it from the roof tops, but does it make a difference or mean anything? Probably not. Still the same miserable prat when I come down from the rafters. The same incapable idiot whom I despise.",4.  DEFECTIVENESS / SHAME  (DS),7,True
36JW4WBR06KU0QCA8DQ6QQPE72VHFE,"<p>I&#39;ve never been so depressed in my life, I&#39;ve got no friends or life I&#39;m scared to go out recently because I of the way I look I think I&#39;m ugly, Ive got bipolar and I don&#39;t won&#39;t to live my life being ill I really wish I was a normal person with a good job. I feel like I&#39;m a loser and not worth knowing I&#39;ve recently broke up with my partner he was aggressive to me for a long time but I kept going back to him because I don&#39;t have any friends and I uses to miss him every time we broke up over the 11years we was together, my mum is my best friend but her sister died 1year ago so she drinks every day now I feel like I&#39;ve lost her I can not communicate with her when she&#39;s drunk. Anyone been in a similar situation as me that could maybe give me some advice I&#39;d be grateful I&#39;m a very private person and I don&#39;t like telling anyone how I feel it&#39;s probably why I feel so low. Thank you&#160;</p>",4.  DEFECTIVENESS / SHAME  (DS),7,True
3X2LT8FDHWI3I1XCVY60H1IFZMVW8C,"<p>My Story,</p><p></p><p>I feel i cant bare this pain anymore, this guilt im feeling grows more every day. I fell in love with this girl(single mom) 19yrs old. I met her when her baby was 4 months old. She didnt want a relationship, ahe was so closed up for having suffered through pregnancy alone but i never gave up. I did everything until she trusted me. I took over all costs of raising our little girl, she&#39;ll be 2 yrs old this March 2nd. They became my everything. Until one day i destroyed everything we had, a stupid mistake i cant ever forgive myself. My mom was about to undergo surgery and i had no way to help them. So one day without thinking i stole from him money to help my parents. Thinking i would repay him that same week i took it and didnt tell him. I never thought abput the consequences i was so blind. Her brother got know the following day and through his bank i was caught. I know i messed up. That same day he posted my picture all over facebook saying what i had done, he took court action against me and i was locked up 7 days. I repaid him that same week when i was bailed out. Now everyone knew what i had done, i started receiving threats through f.b, insults everything. The girl i had loved ao much hated me. Ive lost all my friends, no one trusts me and i know even my family is ashamed of me. I moved away and im now living in another town, yet everywhere i go what i did follows me. The girl ive loved never wants to know abput me again, she hates me, and she says only God could forgive me. I destroyed everything we had built, our family all my dreams everything. I cant sleep, ive tried almost every night killing myself but i cant, im such a coward. I swear this pain is unbearable. I dont want to live, i dont deserve it, id rather be dead than living with all of this. I cry until i sleep i scream but no one cares to listen to a theif that had the courage to steal from her girl&#39;s family. I know how much pain ive caused her, and ill never be able to forgive myself for what i did. My little girl will grow and she&#39;ll never know how much they mean to me. Every memory every thought males me feel the worst person ever. Im so ashamed of myself, i dont deserve being here. And i dont know how much longer will i be able to wake up everyday with all the pain ive caused.</p><p>Please i just need someone to listen to me.</p><p></p><p>Aniver</p>",4.  DEFECTIVENESS / SHAME  (DS),8,True
3EPG8DX9LKQUBAH9LEL2DN0S4ZRP58,"<p>I had a friend and she know almost everything about me. But one day she stop talking to me and treat me as if I am the stupidest ignorant person in the world. Every word that I said make her angry.I don&#39;t know what happened and when I asked her, she won&#39;t give me the answer. Everyday is like a torture to me. I don&#39;t have many friends. I kept my circle small. And when this happen, my world kinda turn upside down. I sleep more often. I don&#39;t want to face the truth. All I feel is sadness and disappointment. I tried to fix the situation but things only getting worse.</p><p></p><p>I lost my confidence. I can feel the physical pain inside my heart. It makes me super sensitive. I cry over little things. I lay on my bed all day long. I hate being like this. I hate myself. I had lose so many people in my life and I can&#39;t afford to lose more because of my own stupidity. I&#39;m so stupid. </p>",4.  DEFECTIVENESS / SHAME  (DS),7,True
30Y6N4AHYPWAR0CHDC7AGUOZIYDRDA,"I've been struggling for the past few years with feelings of inadequecy, and that's led me to create a false image of myself to project, as a form of protection maybe. But since I've been home from university for the summer, I've fallen into a very dark place. I've had suicidal thoughts, but the worst part is that I have this feeling that I know I'm not ~that person (not to sound disrespectful, but I just never seriously considered or had those thoughts before).      I found out my results from my second year, and I didn't do too well and I know this is my fault. I struggled throughout second year because I withdrew, and tried to distract myself from dealing with my life. I feel as though I'm just destorying every chance of normalcy, and fear failure and at the same time, I struggle to apply myself in a way to ensure I succeed.      It just feels as though I hold no true significance in the world, and that it doesn't benefit from my being in it. I feel lost, as though the world I once knew, is not the one I'm in right now.",4.  DEFECTIVENESS / SHAME  (DS),8,True
37VHPF5VYC3U43R7E76Z57BC76DC8J,"<p>I&#39;m 16 years old. I&#39;m short (although I think I can still grow some inches), ugly, awkward,extremely shy and introvert, I moved to another city for over 1 year and I still have no friends, no girlfriend, I never had a girlfriend to be honest (just to see how useless I am) I have no fun in my life. I just pretend that I&#39;m smart at school but I&#39;m not, I&#39;m just normal, thats because i don&#39;t have nothing else to do or no friends to talk to so I end up paying attencion to the class and end up getting good grades.</p><p>I&#39;m moving to another country next year and I would like to start over, to be someone, someone that is not a s****y person. Can I change how I am? If so, how can I change how i am?&#160;</p><p>btw, English is not my native language, so sorry for any mistakes and if I did say something wrong tell me please.</p>",4.  DEFECTIVENESS / SHAME  (DS),6,True
3D3B8GE892RDCXJLO4YJP35UQVAP9Z,"Just wanted to ask if anyone has similar feelings or thoughts on this - I have incredible trouble understanding if I love people because I love them in a pure way, or if I love people in order to ensure they will love me, and then alieviate the feelings of worthlessness and self-hatred/disgust that are so wrapped up in my depression. I think the need for others' love makes me love them in a needy way, and then I end up hurting people - they eventually have this sense of being kind of used by me and I feel a constant sense of guilt. I never realise I'm doing this until it's too late. I really want to be a good person, selfless etc. I think this is one of the only paths to happiness, but I feel I'm trapped in this cycle of kinda very dysfunctional love. It's ultimately making me increasingly alone as I drive more and more people slowly away from me, which then, of course, makes me more needy. Does anyone here recognise this as a process, or have any advice?",4.  DEFECTIVENESS / SHAME  (DS),6,True
3XBYQ44Z6P4MGLP0YWHV8XE2DZGTWY,"I have no support from my family anymore. All they do is make things worse, they don't understand how I feel. I've been diagnosed with Depressed, GAD, Panic Attacks, PTSD and OCD and might be Bipolar.       I've had to quit my job and I've lost a few friends and now I'm losing my family. The past month I've had really bad fatigue and agoraphobia, so I've basically been house bound apart from when I've had to go to see my councillor. My parents think that I'm not fighting hard enough, and don't realise how exhausting it is not just mentally but emotionally and physically. I was having a really good day today, for the first time in a long time I felt a little bit more human and then everything kicked off. I got so angry and upset with everyone I thought I was going to have a heart attack. Now I feel ill and can't stop crying. I feel like giving up, they think I'm doing all this on purpose, why would a person make themselves want too feel like this? They think it can all be turned off with a flick of a switch.. If only it was that easy. I don't know what to do. I feel like I want to die, I hate this feeling. ",4.  DEFECTIVENESS / SHAME  (DS),7,True
33QQ60S6ASI888345UEK6YR0V88U0O,"<p>Hello. I am 16 and I&#39;m kind of done with life. I want to leave my home but if I do I&#39;ll probably just die so I&#39;m just like why not now? I&#39;ve lost hope in almost everything and today I was thinking about dying but I don&#39;t think I have the courage. Lately I&#39;ve been crying every day but I can&#39;t let anyone hear me especially my parents because they&#39;ll just think I&#39;m faking it. There are times when I can cry in front of them but I never truly feel better because I can&#39;t be upset because of them. Only things that aren&#39;t their fault. So what&#39;s the point in talking if it won&#39;t change anything. I cry so they won&#39;t hear me or see me.</p><p></p><p>I feel horrible. I hate myself. I don&#39;t do anything but study and I can&#39;t make people smile. I want all of these things that I don&#39;t have and I desperately want to leave this house even though I should be grateful because there are people in the world who are worse off then me. But sometimes I think I would rather have parents who beat me and I can yell at them or who neglect me than the parents I have now. I&#39;m just tired. They say that they are stressed and I have no idea and I just want to jump out the window. Like I&#39;m not stressed. I really just want to be done. I don&#39;t want to worry about anyone or anything anymore.</p><p></p><p>I really do try hard to be good. I am number 2 in my school. I don&#39;t yell and scream and slam doors. I make cards every time a holiday rolls around. I tell them I love them. It doesn&#39;t matter because I&#39;m messy, and I&#39;m slow, and I pull out my hair, and I pull away when she pops my pimples. Because I don&#39;t move around much, because I wake up with bruises on my chin.</p><p></p><p>I am just done. My mom and my stepdad really are perfect for each other. I lost hope in them caring and if they ever find this then oh well. I&#39;ll pray for god to kill me if I can&#39;t do it. I know they will make me out to be the horrible one and they will be the victims. That always do. If they read what I just wrote they will it seem like I made them look like villains. I can&#39;t ever be the victim with them because they are adults and have suffered so much already and I don&#39;t know suffering.&#160;</p><p></p><p>I&#39;ve hinted to my sisters but they think I&#39;m joking. It&#39;s not a joke. I might just die because I don&#39;t think I can keep hanging on for 2 more years and all this might not end after that. I can&#39;t stand this house.</p><p></p><p>Can someone please just help me. Can you pray for me. I just need something or else I feel like I&#39;ll die.&#160;</p>",4.  DEFECTIVENESS / SHAME  (DS),7,True
32CAVSKPCEP8FXOM1DIKK3AA00EU1R,"Depression has quite literally taken everything from me, and feelings of despair and hopelessness dominate my life. Increasingly I am left asking myself 'If this is all my life is ever going to be, then what is the point of existing, because this is no life'.       A bit about me...      I'm a 20 year old male, currently at Uni. I have serious self-esteem issues, have been struggling with low moods since at least 16, mainly due to bad bullying at school and poor family relationships.       I have a lot of 'demons' and issues, and I won't go into them all here...      However.. I have abused alcohol for at least the past 18 months. It is now a problem I have under control. I turned to drink to combat severe loneliness and to try and block out thoughts and feelings which have plagued me for years. I knew it wouldn't work, and it doesn't. But it became a mechanism by which I could in a strange way escape. I'd often drink to the point of passing out, and as strange as it sounds this was almost a relief, because for that evening I didn't have to think about those dark thoughts. I appreciate in the long-term alcohol will only have made things worse. I can drink in moderation, and have tried to cut down my solo drinking sessions, but my dark thoughts persist.       I'm now at Uni and *should* be happy, but I'm not. In fact, these are the darkest days I have faced. I have no motivation left to do anything. I have exams over a period of the next month. If I pass them a miracle will have occurred. The truth is, my motivation has gone. I ask what I'm working towards when I live a life of such despair anyway. Aren't these supposed to be the best days of my life, if they are, what on earth have I to bother about?      I'm not sure whether this should be in the sexual health section - I've placed it here because depression is my main problem, and I believe it to be the main reason I am having the problems I am today.       I have suffered with questions over my sexuality, and am now fully accepting of the fact I am gay. This has been a big thing for me to conclude because much of the bullying at school was homophobic in nature, so I was almost conditioned to believe that coming to terms with that being my identity would prove those individuals right and be an admission that I was a lesser person. My dad is also a devout catholic, and I know the fact I am gay will always mean I am less of the son he wanted me to be, and I will always be a let-down to him in that regard.       However, I have no libido or sex drive and haven't done for about six months at least. I have stopped  masturbating, and can't remember the last time I had a proper erection. I attribute this to depression, and a general loss of hope and happiness. Of course though, it in turn has become a factor in the way I am feeling.       To cut a long story short... I have always had very low confidence, so asking people to do things with me has always been a big challenge, as have gaining friendships. The thought of a relationship has been terrifying. Mainly because, at around 14 I told myself that no one would ever be attracted to me or love me, so I might as well give up hope it would happen. I finally plucked up the courage to ask a guy I like out for a drink. I thought he might like me in that way, but wasn't sure.      Anyway.. He came back to my place and wanted to have sex which I was comfortable about because I do feel attraction towards him - in fact the first time I have been properly attracted to anyone, however, I could not get an erection, and was therefore unable to perform. In turn, he took that as a rejection and that's another friendship I can put into the bin and another blow to my confidence.        As such, I feel I will never be able to pursue a relationship and will never be able to have anyone in my life. I am pretty much again resigned to the fact I will never have a significant other and will always be alone.       My problems are deep rooted, and there are many of them. I just don't see things ever getting any better and don't know what to do. I was on antidepressants (citalopram) the side effects were horrendous and I have never thought about suicide more than when I was on them. I came off them myself. At first I felt 'normal' (lack of suicidal thoughts), however, my mood is becoming ever darker.       I am getting counselling through my uni, however, this is limited to just 6 sessions, and it's clear that nothing is going to be resolved in that time (2 sessions to go)      I've lost a stone in the past 3 months, and have lost my appetite completely. I can go for days without eating properly, and have to force myself to eat when I do.       Is there any hope, and am I ever going to feel better, because I can't go on like this any longer.",4.  DEFECTIVENESS / SHAME  (DS),5,True
3ICOHX7ENCBRJC6IFUZF2G5X9KEE0R,"<p>Hi everyone. I just stumbled upon this website and decided to ask for some help.</p><p></p><p>I am 18 years old and have been depressed for about the last year and a half. I was self harming in the beginning, something which i haven&#39;t done for a while and feel that I am past. I have no close friends and its been that way for a while. I feel incredibly lonely which causes me to feel horrible and I end up crying a lot. I have a boyfriend but its long distance so this doesn&#39;t ease much of my loneliness since I cant see him very much.</p><p></p><p>I honestly dont know what to do. Depression and mental illness run in my family but I feel like I cant tell my parents out of fear. They see me as the &quot;normal one&quot; and have set unrealistic expectations for me to have no problems. I hide my sadness around them and end up taking it out on them. I have thought about getting help but I&#39;m unsure. Any advice would be great.</p><p></p><p>Thanks.&#160;</p>",1.  ABANDONMENT /  INSTABILITY   (AB),5,True
382GHPVPHSR5828M9B5LVSRDZ74436,"I rarely post on here but am feeling so down and deep in a pit of negativity that I just need to moan a bit.   I just feel so alone,  unwanted and unloved that I can't summon up any energy or will to do anything about it.   I don't care about myself or think I deserve anything better than living in a very messy flat,  doing without hot water because my boiler is broken and I can't face sorting it out at the moment.        I am getting criticism from friends for forgetting everything they tell me coz my brain is all fogged up,   and an online friend (not on here) has turned against me coz they researched my family tree for me and I promised to send her something she wanted and haven't.   I wish Christmas was over and I wish I wasn't so alone.      Not looking for advice but empathy please.   x",1.  ABANDONMENT /  INSTABILITY   (AB),7,True
3T2HW4QDUV7UI8AHJZCD536NRCV9C5,"<p>Hello everyone. I realised I&#39;d been a member of this group for two months and I haven&#39;t yet posted about myself. So here it is, I&#39;ll keep it short:</p><p>I&#39;m 45, separated with two beautiful children. My wife is 33. We were married 8 years ago, but only 4 years into the marriage the cracks began to show. I never noticed at first - but my wife did. She began to suffer with depression through stressful situations at work. I told her I&#39;d be there to help, but we began to drift apart. I did all I could to keep us together but 2 months ago she decided to move out. My world was torn apart.&#160;</p><p>We&#39;re still living apart and the kids stay with us 50:50 whenever possible, and we&#39;ve since become closer again. To me it seems a little bit of that spark has come back. But I cry every day. Not all day because that would be worrying! But at least once a day the loneliness builds in me to the point where I just break down and nothing can stop it.&#160;</p><p>I&#39;m not ready for medication, I do think this is situational depression brought on by separation. I&#39;m slowly getting my finances sorted out (everyone&#39;s biggest worry) and I&#39;m trying to improve myself by getting back into a few hobbies, but some days are really emotional and it gets me so low &#128542;</p>",1.  ABANDONMENT /  INSTABILITY   (AB),6,True
3HEM8MA6H9CJ4W075695BYVJ0VEQPM,"Hey guys,       I've never posted on a forum before, let alone about something so personal but here we go anyway, hopefully it'll help.       I've been struggling an awful lot with life, I spend all day lying in bed because facing the world seems so difficult, I never go in to Uni anymore and my grades have gone downhill - which is a massive shame especially as I am in my third and final year. I isolate myself from all my friends and housemates, I feel so low all of the time and I have been self harming because - even though this may sound odd - self harm is the only thing I seem to do that feels productive (even though I am aware it isn't).       I know why I feel this way, I was raped in November and although I convinced myself that I would be perfectly fine after a few weeks, I'm really not. I have finally come to a point where I want to seek help from my GP but I have absolutely no idea how to start the conversation - do I discuss the abuse first, the self harm, the depression and how would I even lead into that conversation?       All I know is that I want to move forward but the thought of seeing my gp is terrifying me. I did once open up to a friend of mine about what was going on but I felt absolutely no relief whatsoever, instead I felt ashamed and embarrassed for opening up even though this friend was lovely about everything. Will seeing my gp help or will I just end up running out of there screaming?",1.  ABANDONMENT /  INSTABILITY   (AB),6,True
3WRKFXQBOB70WC4PJL0FFNX9DQ0IY5,I lost 11 kgs of weight lately. I used to be 70kg and now I’m 59kg since I had a breakup and I’ve been eating less for like months. I lost sleep.  The one I had breakup was a narcissist who emotionally abused and manipulates me every time even after our breakup. She knows that she hurts me and she doesn’t give me the space I need to heal from the breakup.  I have lost my self respect and she used me.  And when I try to ignore her she use language on me and gets so mad.  i want no fight no arguments,1.  ABANDONMENT /  INSTABILITY   (AB),7,True
307FVKVSYRFN9L99BN8B893T49Q47B,"<p>I feel like I&#39;m trapped in my own life. Everybody I&#39;ve either loved or cared about has walked out on me. My dad didn&#39;t want me, my mom only kept me around for child support checks &amp; tax refunds. My 2 brothers treated me like a chore and always told me because I had a different dad then them I didn&#39;t matter. I never had luck with girls. I&#39;m 34 no friends and worst of all a virgin. I feel like not getting out of bed anymore, that I&#39;m trash. Some nights I just cry knowing I&#39;ll never have sex or have friends. What did I do in life that was so horrible to deserve a s****y family and nobody that loves me. I keep thinking if I died nobody would give a s**t.</p>",1.  ABANDONMENT /  INSTABILITY   (AB),6,True
3BVS8WK9Q0V4J4BE9TMV7CZ8SHIBIJ,<p>I am 27 years old I have been struggling with depression ever since I was 12 I&#39;ve always been a loner because I have social anxiety I am completely terrified of people. I lost my Mom 2 years ago she was my only friend my days are now filled with complete loneliness and violets the so-called friends I have are online as in PSN but they hardly ever write me or talk to me. Everyday I get up take a shower get in the workout and then it hits me I&#39;m all alone again I cry so much everyday I double up on my medication just to knock me out for hours on end so I won&#39;t have to stay awake and face the reality of being alone. I cut myself abused myself I pray for death but death Never Comes. So tired of suffering so afraid to commit [b]suicide[/b] but that fear is slowly fading away I just want to be rid of these feelings I just want to be at peace with my mom why does no one love me</p>,1.  ABANDONMENT /  INSTABILITY   (AB),7,True
3J9UN9O9J3SZUSSATVA6ZWIPESAJ0H,"<p>So yeah, I&#39;m a 27 year old white male. Army veteran and college graduate. I am currently searching for my new life path using my newly acquired education and prior life experiences. I workout almost every day in the hope that I can fight my way out of this daily battle of self hate. </p><p></p><p>I had a troublesome childhood. To the extent that my psychologist says I have memory block issues. I cannot recall most of my life before the age of 12 or so. Some kind of defensive mechanism I developed to deal with the hardship of my early life. I was exposed to the harshness of what life has to offer at a very young age and it molded me into the person I am. I have always been called an old soul or to wise beyond my years. And I now understand that at a young age, I became an old man. Understanding the evils of life and the pointlessness of it all. I used to self harm by punching myself and cutting but grew out of that because it did the do anything for me. I tried to kill myself at a very young age but didn&#39;t go through with it because I do believe in the hopes of a better TOMORROW. But since then, I literally test myself every few months or so by seeing if it&#39;s in me yet to do it. But I still fight on. Even  though I&#39;m so tired of fighting. </p><p></p><p>So now, I just feel.. Useless.</p><p></p><p>I want to go back to the military for one reason. After longing to be a military man my entire life, I have just now figured out why. I want to die. I don&#39;t want to kill myself but I want the most honorable death a man can have. To die for something bigger than himself.</p><p></p><p>I don&#39;t want to give in. I can feel my subconscious telling me to keep going but then the flip side of the coin just tells me it&#39;s as easy as a fix as a squeeze of the trigger. All the self hate, worrying about the future, reminiscing on the past mistakes, and longing to be a better version of myself will stop. It sounds, so lovely.</p><p></p><p>I have friends. I ignore them. I have family. And I rarely spend quality time with them. And when I do, people flock to me to tell me all there issues looking for guidance from me. Like I know wtf I&#39;m doing.. I&#39;ve had a love of my life that I let go because I let the evil inside me push her away, even though she is better off now. </p><p></p><p>I guess I just enjoy living in this misery. I seem to self sabotage myself to the point of destruction.</p><p></p><p>I can&#39;t stick to new life changes. Like the whole, new year new me bulls**t. Even with the ambitions of possibly reenlisting and doing something I truly loved to do. Yeah the military isn&#39;t easy but at least when I&#39;m suffering, I&#39;m not alone. Everyone suffers in the military. We suffer together. And I miss that.</p><p></p><p>Drugs and alcohol do nothing for me. I don&#39;t like prescription drugs. But have tried SSRI before with decent results but I really wish to not be dependent on drugs to live. Scripts will be the last resort before the final act of hate I would do to myself. So I guess I am open  to the idea versus blowing my brains out. </p><p></p><p>I don&#39;t know what to do anymore. I can get a girlfriend if I want to but I don&#39;t want to. I can be the life of the party, if I can get myself to go to it. I could have more money than I know what to do with but I don&#39;t want for that. I just want to be happy. With who I am. I know I&#39;m not a bad person. I&#39;ve volunteered my time and give enough to the poor and have and still do risk my life for others. I&#39;m a protector of others. But now I know why, in the hopes that I may die a heros death. But I don&#39;t want to be a hero, I just want to die. </p><p></p><p>How f*cked up is that. I know of people, kids even , who would love to be in my shoes. Would go the distance and beyond if they had what I had. So why the f*ck am I like this?!</p><p></p><p>There is no quick fix, I know this. And more than likely I will get nothing from this thread other than emails saying people read your message and feel for you. I&#39;ve read so many of others persons words of how they are struggling as well. But I still feel alone.</p><p></p><p>But, I just keep putting one foot in front of the other. Crying myself to sleep. And picking up where I left off the next day. With more tears and fears and wishing for a change. </p><p></p><p>If you&#39;ve read all of this, then thank you for your time. I hope to hear from others with words of wisdom and hope.</p><p></p><p>But I know this isn&#39;t going away... </p><p></p><p>-Drew</p>",1.  ABANDONMENT /  INSTABILITY   (AB),6,True
31S7M7DAGGQ65RD1UIATZMXMFSCLTX,"<p>Hello, this is Maddy. Posting for the first time. Had to rant about my pain. Sorry for my bad English. I&#39;ve never been diagnosed before. Took online diagnosing and came to know that I&#39;ve both dysthymia and PTSD. I&#39;M LITERALLY SUFFERING FROM SEVERE ANXIETY, PANICK ATTACKS, LOW SELF-ESTEEM AND TRUST ISSUE. I&#39;m a spiritual person, I believe this is temporary, I meditate but seems like my inner demons are more powerful than my spirit. My soul is constant fighting between happiness and darkness. It&#39;s all started from my childhood, never got a better parents. Have so called boyfriend, who doesn&#39;t care at all. I love him hard, never ever thought  without living him(though it&#39;s a long distance relationship). My previous relationships didn&#39;t work out. Don&#39;t know why this world became so fake, selfish, rude lately.  Others successfull couple makes me feel jealous. Honestly I don&#39;t think my relationship with my parents and boyfriend is ever gonna be fixed as because they never tried to understand me (its my duty to understand them everything). I&#39;M TIRED, tired of moving on, tired of consoling my heart that everything gonna be okay oneday, tired of holding on,  tired of crying, tired of pretending to be happy in front of everyone  just because they don&#39;t understand, tired of praying to God. Nothing has changed since my childhood. NOTHING. Even God knows I don&#39;t deserve a stable, healthy, matured relationship. I&#39;m depressed and can&#39;t share my pain with anyone. I&#39;ve no place to escape. I was always been a wounded lone wolf who wandered in her small dark world. I don&#39;t see any purpose to continue this life. NO I&#39;M NOT [b]SUICIDAL[/b]. But lost all hope, desires, happiness, motivation just for my parents and boyfriend. I don&#39;t need anyone&#39;s sympathy. Just needed to vent. Thank you for listening with compassion.</p>",1.  ABANDONMENT /  INSTABILITY   (AB),7,True
3EKZL9T8Y8MNXES0HB05IK4BAP3HC3,"im just gonna give a breif background about myself to give whoever wants to help me a bigger image of whats going on      my name is karen, im 14 years old. for the first 11 years of my life i was abused and almost raped by my dad who is a pyschopath. there were several times my mother landed in the hospital because of what was happening. i have 5 siblings and when i was 5 i moved to a country called papua new guinea because my parents are doctors. i was also bullied at school because i came from a different country than everyone else and people always chose other poeple over me. beacuse of the abuse happening at home i also never got the love from my parents that i needed. the only person i could look up to was my older sister but i was always jeleous of her because people always chose her over me and this drove me crazy and there were certain times where i wanted to commit suicide.  when we first moved there we were poor and all we could afford was bread. my mom couldnt find a job because she did not speak any english but after her 3rd year of living in this country she managed to open up a dental clinic and earn money. when i was 11 i moved to an expansive boarding school in europe with my two sisters i was extrmely happy because i was finally away from all the abuse. but the happiness only lasted 2 years. during my second year i met 3 people i became very close with. two which were 4 years older than me and one who was about my age. one of my older friends left this year and i dont keep incontact with her anymore. my other friend who is about my age is an incredible person who i trust a lot but i feel like it is only a one way relationship. if she had a problem i could help her but she wouldnt be able to help me. the last friend who is still at my school became very close with me this year, she would tell me things like im amzing, and incredible and i find this friend very fascinating but her words dont match her actions. i feel that when we are alone she treats me like im amazing but when we're out in public she chooses other people over me, like out of nowhere i dont even exist anymore. i started seeing the school therapist this year and i realized that the reason why i think she is so important is because i expect her to provide the the love i never got from my parents. she is a loving person but she rarely makes plans with me, she always turns me down but at the same time she tells me im so special. there were also several times i wated to commit suicide because of her and i kept having breakdowns this year because of her . i felt like the one person who understood me let me down and continued to do so. now i do not know what to do. i feel all the people  around  me are idiots and there is nobody who can help me. im always left out of events and people always choose other people over me.  this drove me so crazy that at some point i obssessed over peoples approval over me and looked extremly desperate. i dont know who to ask for help anymore. i also think that its not the people around me who are the problem, its me. but if im the problem then whats wrong with? why do people lie  around me ? why do they say one thing while their actions speak another? i cant even tell my mom about any of this because she is alreasy faced with so much stress. she spends most of her money on the school i attend and she sleeps in her office because she cant even afford an apartment, she showers at her friends house. i always have to act as if everything is fine around her when its not and that upsets me even more. i also feel extremly ungrateful for the things i have, i attend a school, have a roof to sleep under and also have food. why am i still unhappy? how can i change this? i have 3 more years of school and people are always excluding me out of everything i do not know what to do anymore. but one decision i've made so far i to seperate from the girl im close to because im tired of basing my decisions on the fear of losing her. but i also know that if i lose her i will have no one else i'd talk to. but im tired so im doing this anyway. please help me. i feel lost and unwanted where i am, what should i do?",1.  ABANDONMENT /  INSTABILITY   (AB),5,True
3B286OTISEHVV5QSLX7ZO2U2NEMJA8,"<p>Hi guys i posted a couple days ago and you guys were awesome to reply to me so thankyou for that. These past couple days since then have been hell.(excuse the language). Usually when i have a breakdown before I go to sleep I  wake up and the day is bearable enough to get through without crying. This wasn&#39;t the case for this week, I&#39;ve cried every night and every morning and afternoon. My boyfriend will take me to all these places bc he thinks I just need to get out more and get my mind off, but I am so out of it. I&#39;m so trapped inside my head I don&#39;t know how to get out of it and actually feel again. I&#39;m such a waste of life. It&#39;s actually worse if I don&#39;t think about it because then I&#39;ll go through motions and talk to people then get home and feel like I wasnt even there and not even remember what happened. People say I have derealization but I&#39;m not entirely sure what that is. I don&#39;t know what to do anymore im better off not even living. Any thoughts or comments would be appreciated I just need help im so out of it im missing life </p>",1.  ABANDONMENT /  INSTABILITY   (AB),6,True
389A2A304OICMEM4J3TKCS5UO81C0W,My boyf has been depressed for some time and recieving treatment. He has been doing realy well with few ups and downs. When he is down he is very mean to me (emotional abuse) and start of week he went ballistic over me leaving a box and a cup out. He has ignored me all week and said he hates me. He has now moved into spare room and took all his stuff in there. Calling docs would be a betrayal to him and yet I believe he is being totally irrational. He asked his mum to stay but his step dad said no so he started on her blaming her and swearing at her every hour by text. She said it was just like his alcky dad was and she is devastated. I have tried talking and I can't eat or sleep. He needs help but no idea where to start and now suicidal myself. He has issues with drugs now and then. I am scared. A couple of years ago we were arrested but only he got charged. If I leave I fear he will kill himself sorry its jumbled but I am lost,1.  ABANDONMENT /  INSTABILITY   (AB),8,True
3TY2U1TEB7A6WYTWF3KCH1XLD1GJJO,"<p>anxiety &amp; depression gives me headaches, i feel woosy, queasy, light-headed all of the time, in constant thought, no break from my mind, it eats up at me - when i&#39;m feeling good it&#39;s 0.2s before i&#39;m thinking. because my mind goes &quot;wow... i&#39;m feeling good! this is a good thing!&quot; then i start worrying about going back to how i was. and i&#39;m here again. i literally fall down the hole and i can see yourself falling. i know that thinking about this will make it worse but i cannot stop thinking. most meds won&#39;t cure me... being mindful and spiritual isn&#39;t enough but it helps, meditation can turn nasty if i&#39;m in the wrong mindset. revision is impossible. all i&#39;m thinking is: I can&#39;t do this, its&#39; too hard, too little time - all i&#39;m thinking about is how i CAN&#39;T do this, how my head feels so heavy; some people begin to love something and it&#39;s their crutch - might be drinking, might be smoking; some people turn their lives completely AROUND at this point. some people love running &amp; health, some love yoga &amp; buddhism. some people love those things and they never come back, they learn to not let themselves fall down but for other&#39;s it is impossible. Trust me. for as long as i can remember i have been trying to remedy my problems. for as long as i can remember. i can remember being in primary school, on the school playground, and constantly thinking... always worried about something. i&#39;ve missed so much in my life because im always in my head. i remember going to weddings, but not being there because i was too worried about my weight. i was so focused on my collar bones showing &amp; that was all i thought about. i blamed my problems on everything else. i blamed them on my upbringing - the fact my mum has an eating disorder, the fact my sister has mental health issues, that my dad left when we were younger and he gets angry all of the time - i blamed it on my metabolism for not being quick enough &amp; eventually i turned and blamed EVERYTHING on myself. now instead of it being my mum&#39;s fault I had ED growing up i blamed my mum&#39;s ED on me. i was never there. i never supported her when i could. i never told her how much i loved her and made her feel like she was worth something. i feel so neglected and empty and dry with emotion &amp; i am getting to the point where i cannot see any other route off this earth other than suicide.&#160;</p><p>&#160;i&#39;m where i should be. i&#39;m finishing college, my grades should be good, i&#39;ve got a place at uni and my boyfriend loves me. i&#39;ve opened up to my family. before i was so stoic, so angry and so bitter. i&#39;ve never had a longer conversation than about 10 minutes, most of that was filled by awkward silence, with any member of my family. but now we speak.&#160;</p><p>&#160;but i am so uncomfortable and alone. i&#39;m skinny, i&#39;m vegan, and i do honestly think that i&#39;m pretty most of the time. my outlook is better, and now i have to face my problems. they&#39;re tearing through and i cannot deal with them. now they&#39;re not repressed; now that i&#39;m now repressing myself, i have discovered how deadly mental health issues are.&#160;</p><p>&#160;i&#39;m really struggling. if i look back on my life i cannot find worth. a lifetime of this is not worth it - trust me. no amount of happiness can make up for a lifetime of scaredness and sadness.&#160;</p><p>&#160;so what should i do? i&#39;ve seen GP&#39;s, i cannot take meds, at the moment i just don&#39;t have time for meditation or mindfulness. when i told my boyfriend that i&#39;d prefer my 2 last exams to be on the same day so i didn&#39;t have to revise for another week he scoffed, as most people would. but it&#39;s just so different in this mindset. another week of struggle isn&#39;t worth a good grade. my mental health is at breaking point again.&#160;</p><p>&#160;I never dealt with these issues as a child &amp; they have completely ruined my childhood. i have barely any good memories to look back on. i feel like a special-worst-case-scenario in that i&#39;ve dug myself a hole so deep i cannot get out of it. chants and mantras and cliches don&#39;t work. my mind consumes me, i just can&#39;t see how if i&#39;ve been born with this and I&#39;m supposed to get rid of it. it feels so innate in my nature.&#160;</p><p>&#160;i&#39;m sorry if i reply sloppily as in here and there but my anxiety gets really bad about online forums :(&#160;</p><p>&#160;i guess i&#39;m just asking if anybody can relate and what helped them&#160;</p>",1.  ABANDONMENT /  INSTABILITY   (AB),5,True
3DFYDSXB2W0FAE4QR2OQO36WUHEJUK,hello all      first time i have openly spoken about my feelings to anyone but i am realy struggling at moment   somedays i want to just take off or end it all as i am struggling to deal with things.   i have in past been on anti depressants because i  found out i could not father children      i got myself eventualy through that and got my life back together   i have now been in a relationship with my new partenr for the last 14 year but recently my partner had a visit to doctors because of a lump found on her breast she was given an appointment at hospital for further checks and it was a male doctor that would be checking her this is where my problems started which i am disgusted with myself for one as i could not fully support my partner through this because of how i feel about other men doctors or not touching my partner other than me.it is first time in all those years another man has seen or touched my partner other than me and its this that has been realy getting to me to the point i cant even now look at my partners breast because all i can see is the doctor touching her. at the same time this was happening my partner closed of all her freinds so i could not see on her facebook account again which put other thoughts into my head as to why she had done this. upto that point i have never had any concerns at all about trust where she was or what she was doing ect becuase i love her and trust her.   after i asked about this she said she did it to get my attention as we was barely talking ect. my head is all now messed up as i dont know what is truth or what is not truth and i filling in bits myself i just feel like i dont know whats what anymore so many feelings so much going off in my life at min as just lost my job also it all seems to much to handle and easiest option would be just to end it to stop this hurt i feel inside. i know in my own mind she would sooner have seen a female doctor than  a male as she knows how i feel about that and i know this also its just the thoughts of another man touching her i cant get out of my mind and i know if i carry on i will drive her away which is last thing i want to do i love her more than anything i have been trying to switch my thoughts off but its hard because my belifes are strong in that area i have read online other peoples discussions on similar thing and read where some people say its just a doc but then other post say its a doc but still a man ect and my head starts drifiting again. i wish i could turn these thoughts of but i cant so i dont know which way to turn cos i dont want to looose my partner because of the way i think. me and my partner have talked about this but now after nearly a month i am still asking my partner questions because i have no one to talk to other than her and its starting to wear her down to point she was crying and i feel horible for making her cry cos she is best thing in my life for many years and i dont want to ruin that but i still cant turn my thoughts and feelings off      please any advice for me or someone to just talk to so i can give my partner a break and hopefully save my relationship cos i love her more than anything and want to stop hurting her,1.  ABANDONMENT /  INSTABILITY   (AB),6,True
33K3E8REWWVI7122532MJKWM8O18XH,"Today is my birthay...and i am alone in my flat contemplaiting suicide.   A few days ago i lost my job..over something that was not my fault. I always let people step on me to avoid problems. Now im here wondering how I am going to pay my rent. I have no one and i am undocumented and no one will hire me that way. I have no family , no boyfriend ..and soon no house..Everyday i told myself tomorrow will be a better day ....or next month it will be better....next year will be my year.....but its not. Better yet this year will be my last year. There will be no one who misses me. I am convienced when i leave this world i will perhaps have a better afterlife in another world.   I am finally ready to go I cant bare this loneliness and feeling completely worthless...",12.  SUBJUGATION  (SB),7,True
3WA2XVDZEMHMXNSXHJFWBHFOMN0E6S,I am so tired of this.  I am so tired of asking for compassion and being told why I can’t have it.  I am so tired of being to be heard and being told that it isn’t possible.  I am so tired of people telling me lies just to say what they think I want to hear.  I am so tired of being shown I am NEVER worth the truth.     I am so tired of showing people me and just giving them a blueprint of how to hurt me.  I am so tired of asking for better and being told I will NEVER be worth that.  I am tired.  I can’t do it anymore.  My self worth is gone thanks to people that claim to care for me the most.  I can not put myself through this day after day.   I try to be there for them and all they hear is what they want from me.  My words are MEANINGLESS.  No matter what I say they see what they want.  I try to show kindness and all they see from me is pain.  I am done trying to find things that don’t exist.,12.  SUBJUGATION  (SB),7,True
3KG2UQJ0MJOJ1BOUPRWD79QO0GDQNQ,"Here is my story,    I am a very sensitive girl by nature from the very start I feel things deeply, can say I am more like touchy etc and because of this I have become much short tempered as well    I often get anngry on little stuff and says stuff which I don't even want to do or mean. Can't help this thing.    Almost 1.5 years back I found this guy and   thought he would be the man of my dreams. At the very start I tried not get indulged in him but with passing time I got that I have fell in love with him from my head to toe, as I told earlier I am very sensitive girl by heart and hates to break the relationship.. I am the type who would rather hurt itself to keep the other person happy and that is what I did always.. though I get angry on little stuff alot but deep down my heart I always care about the people whom I love.   Now the problem start where my  aggressive nature comes in, we have faced many ups and downs in this relationship, even in this march we had a breakup for about 21 days bit eventually got back together.    But in These days I am really depressed because of his behaviour to me.. as he doesn't even talk to me much.. he is in deep deep depression about his career from past two.months and now this depression has taken all over him, and the last time when I talked to him about us then he said he can't think of anything, he hates everything and also wants to be alone for sometime.. all that really hurt me in a way.. I have never seen him this rude to me ever before.. I want to talk to him, though I know I can't help him but atleast I can encourage him but he just abandoned me. It feels so bad   It hurts so much.. even when I try to tell him that it hurts he ignores me... he never replies to such text or any kinda romantic texts..    He just talks when I ask how are you, and the reply to such statment is fine.. 'end of the convo'   Idk what to say to him or do to make him feel better.. I miss the old person whom I lived.. he is a really very kind person in nature.. depression has made him someone else.. I want help to get him back to me please. It's killing me from inside... should I give him space? Or should I talk to him daily like nothing happened. I am confused, I don't wanna losse him... I love him so much",12.  SUBJUGATION  (SB),5,True
3RTFSSG7T86YX8HVPNF4M64LJMULWN,"<p>I&#39;m male 44 years old and to be frank I&#39;ve had a sh*t life, most of which was self inflicted, at 12 I moved out of my home and lived anywhere I could, I became addicted to drugs and would inject &#163;500 of cocaine and anphetamine into my body, got involved in crime and got 4 prison sentences, then at the age of 22 my best friend decided to try to murder me and stabbed me 13 times, thankfully due to the good care of the health team I servived, I decided to sort my life out and had 4 children and got married and started my own business and never touched a drug again for 22 years, then at 30 I walked into my sons bedroom and found my 7 year old had jumped from his bunk bed and caught his neck in the bars and killed himself, life couldn&#39;t get any worse, as most English so called hard men I never cried, men don&#39;t cry only wimps do, I then got made redundant and my daughter now 24 married a steroid freak that&#39;s 6ft 6in tall and is strong as an ox, I then find out he&#39;s beating my daughter and hitting my 4 year old granddaughter in and making her pooh herself, I just could not take any more I just lost it completely, I didn&#39;t know what to do although I knew what I wanted to do but couldn&#39;t go back to prison as I had to think of my kids, so without thinking and quite naturally I got some crack cocaine and smoked it to hid away from it all (from this point I can&#39;t remember a thing for 3 weeks) over the next couple of days i took some more apparently and then just lost it, I jumped into my car ( my lovely Bmw that I&#39;d saved for 4 years for to pay &#163;20000 cash for) and went to get my son in law, when he saw me coming he hid and phoned the police, I then decided to end it all and drive off beachy head and kill myself, the police were aware I had lost the plot and blocked the road off, I put my 3ltr Bmw into sports mode and rammed them at 50 mph, I was dragged out my car bested across the head, gassed and tazzered by the police and arrested, in the police cells I was assed by the police doctor and he said I was just rocking to and fro and crying non stop about my little boy billy that had died, it was determined that I was having a mental breakdown, I was then charged sent home and then took 100 co-codamol tablets but when I lost consciousness my daughter rang an ambulance </p><p>And again they looked after me for three weeks until I was fit enough to come home, I was still unstable and couldn&#39;t function for a couple of months more but eventually with medication a counsellor, social worker phsyciatrist and probation officer I&#39;m now back on track, now hers the help I need from everyone, my wife will not believe I had a breakdown even though 4 medical professionals said I had, she says I just had a drugs relapse, the whole episode lasted 4 weeks and I have recollection of any of it, I&#39;d written my car off, two police cars, and tried to kill myself, please can you give me some advice was it a breakdown as I feel it was or did I just have a relapse my wife will not let it go and keeps saying I&#39;m a bad dad and husband please help which one am I? Thank you for reading my extra large post but unless someone else can say they know what I been through I think she&#39;s going to drive me to another one I just can&#39;t cope anymore please help.</p>",12.  SUBJUGATION  (SB),6,True
3CO05SML7V5GSGBN10JF1N4GO94R0H,"I'm going through some stuff. But the really biggest issue is that after 9.5 years of basically conflict-free living, my husband has become really intensely unpleasant to me.  Really very much so. Starting last spring when he took a new job without even discussing it with me, even though it dramatically changed his work/commute schedule and therefore *my* schedule as well. Not to mention income/benefits and just generally, it's a major life decision I should have been a part of. But it just is every.single.thing. Yesterday I got home from running an errand and found he'd left the 16 year old unsupervised with the toddler, which is a no-no, she's still on self-harm watch from her last suicide attempt and isn't meant to be left alone at all, and he hadn't even secured the house before doing so. He'd left scissors on the kitchen table--she could have been dead. I texted him in a panic about it because that was horrifying to me, we're under strict instructions about keeping her safe from the mental health people and that's a major lapse, and he said, oh, I just thought I'd run some errands, no big deal. And I said, ok, well. I appreciate that, but it would have been better to wait until I got back or to have taken her and the toddler with you. Next time, can you either wait or take her with you? And he snapped, so now I know never to do you any favors because you don't appreciate it or care. And then when he came home he yelled at me for twenty minutes and refused to eat dinner or come to see the light show we were going to. And he's still not speaking to me today.",12.  SUBJUGATION  (SB),7,True
368IUKXGA58QUEHNQXV75TES0U2P6O,<p>Evening life is rubbish come to the conclusion I have allowed myself to be manipulated most of my life and that is why I can&#39;t or having problems dealing with it now as I have no idea who I am anymore. The puppet master has cut the strings and I no longer work. I am a horrible unconsiderate uncaring useless piece of s***. &#160;sorry I am writing this in anger and disgust. Off to bed to try and get some sleep the mixture of drugs and alcohol should work. Night all xx</p><p>&#160;</p>,12.  SUBJUGATION  (SB),7,True
3S1L4CQSFX5FQ34W27GE942AU75FA1,"i feel like some people were put on this earth to be happy, and the others were made to watch other people be happy. i cannot shake the feeling that i don’t deserve to get what i want, i’m only allowed to watch the people around me get what i want and do the things i want to do and meet the people i want to meet. i know it’s not good to compare myself to my friends all the time but i find it hard not to do this.  i realized i’ve been living in an unhealthy and somewhat abusive environment for the last 8 years and i feel like it stole my best years from me. when you’re in your early 20s you’re supposed to spend that time having fun and being independent, but i didn’t get those opportunities. i’m a very late bloomer so i spent all of my youth watching my friends and peers go through normal developmental experiences while i either lag behind or simply don’t experience them  i compare myself to them because i have nothing better to do. my life wasn’t meant for fun experiences, so i listen to my friends talk about their funny stories and i live vicariously through them. i live inside of my head because the house i live in had messed up my self perception. in my head i’m normal. i’m independent and outgoing and i live alone and have a partner. i take my friends’ real life stories and imagine myself as the one experiencing them because that’s the closest i’ll come to feeling like a normal person. i cry myself to sleep at the thought of anyone calling me beautiful because no one in my life has ever said that to me before.  i was never meant to really get what i want, i was only born to watch other people be normal adults while i straggle along like a dumb overgrown child.  i need a hug",12.  SUBJUGATION  (SB),5,True
3IZPORCT1F9R3GHJZ8Q07F3XAQ6RHJ,"past 6 months ive just changed jobs to work with my partner. i like the shifts bar the waiting on i panic before a shift. and took on another 22 at my old job which i love too. making 60 hours near enough i work 6 days out of 7 for nr enough 5am till 7.30 im tired and on my day off have to clean my gdads. i dotn have me time as not many friends. i feel alone. i liev at home and my mum and dad want help never asks my sister who is here most of the time. im tired and act on insticnt at the time as im tired and want things doing then. my fella preposed but i dont know what i want anymore, everyone always wants me to do things but i dont get to enjoy nothing and work all time, had enough, help",12.  SUBJUGATION  (SB),6,True
3TL87MO8CMPWMMV0ZY54IIILOJ4LFP,"So after being on citalopram with mad dosages for 8 weeks, my doctor switched me to zoloft 50mg.. and recently upped me to 100mg       For the past month i have found 100mg sertraline amazing. I feel like my old self, i feel like i want to talk to people, and i find social situations a lot easier.      The issue is that I now worry what my life would be like without this drug. Having started on cit back in february when i was close to taking my life, I had no hope. The last month on sertraline has actually given me hope, i feel like i can bheave in the way i used to, and i just genuinely feel like myself (i originally thought these meds would get you ""high"", but after realising what they do, i realise they actually just bring you back to who you should be, which simply as a concept has been lost on me for countless years      As a consequence however, even though its only been working a month, i am now left with the prospect that in 6 months time, my doctor is likely to want me off the meds, and similarly having had a long history of substance abuse, i would rather that as well.      What worries me already though is that if i come off the meds, I may return to my previous 5 year long depressive self, where i think of negative thoughts and self harm constantly, which really has me scared as the whole prompt to go on the meds was an attempt at my life! (!!)      I am happy to continue this medication as it has brought me back to how i was, yet at the same time, am scared not of the side effects of withdrawal (I can deal with those given my past), but that at the end of this, I will lose all confidence and drive, and I will just be left as an empty shell again.      From what i Understand, my previous lifestyle 6 years back accustomed me to high levels of dopamine and serotonin, and i believe this to be the root of how bad i have been over the past 5years.      Will 6 months odd off sertraline treatment leave me feeling the same sort of positivity as i do when I am on the meds, or will dropping off of them in the new year (Jan 2016) cause me to just again spiral into a serotonin shortage and lead me to craving for the return of an SSRI?      From what I can tell the SSRI effect will wear off after tapering down, and from a chemically speakin perspective, I will in fact be producing less serotonin and perhaps wind up even worse than when i was a few months back! This worries me about stopping (even if it is many months away)      Thanks for your advice",16.  EMOTIONAL INHIBITION (EI),6,True
3IJ95K7NDXCSOMUGMVR1DVMMUT4GNL,"I've been feeling depressed for six months now following a ""traumatic"" incident. I registered at my GP and should really book an appointment now, I felt completely ready to get help but now it's here I feel like I definitely shouldn't.       I've always been good at dealing with my issues and being ok, so I don't see why this time should be any different and I don't really understand why I'm finding it so damn hard to shake these feelings.       The reasons why I feel depressed are complicated also and I don't have the effort or motivation to talk these through with a GP or some sort of councillor, nor do I want to.       I felt so ready to start the process of finding help a month ago but now I do not feel I deserve it (or want it) at all. The only thing that does worry me is that I usually feel relief from self harm, but recently it hasn't felt like enough. And when I have got drunk (with friends) I find myself alone at the end of the night in an incredibly dark place and I do worry I may do something stupid.       I'm in a massive ""I do not care at all"" place and maybe that's a good thing, maybe I can just get on with it but, logically - there is always a chance that it could get worse as well I suppose.   #-)",16.  EMOTIONAL INHIBITION (EI),7,True
3AFT28WXLF2O2Y0NDYRHDWZ7ZG1IOU,"I keep having depressive episodes. Tbh I've never really been the happiest person for as long as I can remember (im 17). But lately seem to be having these depressive episodes where I am crying all day and I don't know why, I cannot work and feel alone and that no one understands. I also have thoughts of killing myself and my mum because she dosent understand me and calls me an attention seeker. I'm not Always depressed but wouldn't particularly say I'm always as happy as other people. I also experience anxiety and am extremely self concious and most of the time have no self esteem. After my depressive episode I can't soon become happy again and it's really confusing. I just don't feel like my moods are healthy. Sometimes though I can be really quite happy and have confidence and quite high self esteem which is also confusing. Am I over reacting like my parents say or could there really be something wrong?",16.  EMOTIONAL INHIBITION (EI),5,True
3KL228NDMVMRGG9DPIZLL35I0YZGKG,"<p>Hi everyone...</p><p></p><p>Just feeling alone today. Anxiety has been beating up on me pretty badly these last few weeks. This time of year is never really good for me my aunt who raised me was diagnosed with cancer around this time and she died a year later. And my younger brother was killed in an senseless act of violence and few years prior to that. So usually around this time of year I&#39;m depressed but anxiety has been full blown. I&#39;m constantly worried about my health especially the C word and it&#39;s taking over my life. My 32nd birthday is tomorrow and instead of being able to celebrate and be excited I&#39;m experiencing the impending doom of some form of the C. My husband is frustrated because he feels like I should be living it up he&#39;s 16 years older than me..I envy him so much sometimes he eats whatever, smokes cigars, and lives life on the edge and I&#39;m scared of every ache, pain, or rumble of the stomach. I would rather worry about my heart than to be worried about the C or worry about nothing and just live. I pray a lot for God to spare me and to help me and some days I feel like he just doesn&#39;t hear. Sorry for being long winded, just want things to change for me. Miss being happy and carefree. </p><p></p><p>Thanks for listening and hopefully I get some replies. This feeling sucks. </p>",16.  EMOTIONAL INHIBITION (EI),5,True
3R4QIDVOJPCQA2LCN1YUN5713LOEED,"I came off ven 6 weeks ago but was on antidepressant continually for 32 years. I stopped because of reasons I mentioned on here recently. I think that all the time I was on the meds all my anger was suppressed for that 32 years because now I'm off them I have become very bad tempered and its just not like me at all. To be honest I'm frightened of what I might do, I had a road rage incident today and I was shocked at how aggressive I was even though I had a right to be angry it was so out of character. Last year a few people really upset me but I just let it go because I was so unwell on my meds and just didn't have it in me to do anything about it but the last few days it has really been eating a way at me and I have been planning revenge on those people and what I have been thinking if doing is really awful but even though I know it's awful I'm still worried that I will snap and just do it. My sister came to see me today and I told her all this so she went into my loft and took my gun away. The gun is from when I fought in the Falklands Many years ago I just kept it all this time for some strange reason anyway I'm kind of glad it's gone now as it brings back really bad memory's. I hope this anger calms down now as I don't want to hurt or upset anybody. My sister reminded me that I was always a very laid back persons but she said I would let things bottle up for a long time until I just exploded so I think that that's what's going on with me at the moment. It's horrable because its like there is this angry person in me trying to get out its just not me at all",16.  EMOTIONAL INHIBITION (EI),6,True
3EHVO81VN5L3ABI21EBL1OLK6SCH1D,"<p>I’ve gotten into a very serious argument that I wish not to talk about. This has been affecting me in multiple ways. I now rarely exercise, sleep, or eat. I drink a lot of water and I lay in bed thinking about thoughts. I’m 14 years old, attending a high school. I don’t talk to my friends as often as I used to before I got into the argument. There are kids that always tick me off, and kids who always ignore me. Whenever I say something, example, the wrong answer to a question, I become a laughing stock, and I always tear up secretly afterwards. I feel worthless, I stare out at my window for hours, thinking “Everything is going to be fine”. I always say that, never comes true. Never. Never. I always say that I can make it through the day. Never. I try to give people a smile, and a “have a great day”, and I’m thinking in my mind “help”. I don’t know what to do. Never know. &#160;I feel stupid, I always get angry at myself. It’s as if I’m another person. Whenever I look at a knife, I always think “Answer?” I don’t know what it is, but a knife always gives me thoughts of [b]Suicide[/b]. Although shooting up the school, or shooting myself never came up on me head, god please don’t make that happen, but I do tend to think of weird things in my head when I take a brief look at a eight inch blade with a handle on it. I’ve never been bullied in my life, except with this one kid whose always insulting me. I don’t know what the hell happened. I used to be strong, smart, and friendly. Now I rarely talk to people, I always smile, breathe slowly, think of unusual stuff frequently, look at a mirror, only to see a stranger, stare out my window for hours. I do other things though. I play video games, Grand theft auto 5, Black ops 3, Garry’s mod, halo 4, Advanced Warfare... if that is relevant anyways. I feel really depressed whenever I do fun activities, even. I always try to kill people in gta. Oh, this one time, person in a hydra killed me like 10 times, and I threw my controller at the door, breaking my controller, busting my door, and cutting myself in the arm, a piece of sharp tipped wood flung over to me, and then you know the rest. I cuss often, every day in fact. I always sleep with my pet Chihuahua, thinking that I have someone with me. Please help, before it’s too late.</p>",16.  EMOTIONAL INHIBITION (EI),7,True
3Z3R5YC0P3NK5Z35877V49S2IWQTF0,"<p>I feel so depressed and scared. </p><p>All my life I have had problems with anxiety and depression, certain things will trigger it and I find it hard to go back to the same places again. </p><p>My mum has been suffering with the same thing for over a year and this week tried to take her own life by overdosing on her tablets. This has hit me hard and I just want my mum back at home and how she used to be before all of this started. </p><p>I have managed to carry on for so long and it has finally got to me, I just feel like giving up on everything. </p><p>My job isn&#39;t what I want and at the moment isn&#39;t a happy place as they gave the job I applied for to someone else who has more experience, but I have worked with her before and I do not like her, so working with her is going to be very hard to deal with, especially as me and my colleagues all think I should have got the job. I feel like I have been used to do the job when they needed someone and then pushed aside like I&#39;m nothing. It used to be a happy place for me to go and an escape from my home life but most people have left now and I&#39;m stuck there, I wish everything would just go back to how it was. </p><p>Another thing that has boosted my anxiety recently is that I have been going out with a guy for 2 1/2 months and he is my first boyfriend. This terrifies me and after enjoying the first few months, I now dread seeing him and feel sick all the time. I have even been sick 3 times when I&#39;ve been to see him, which has freaked me out. He told me he loved me a few weeks ago and this has freaked me out too as I don&#39;t feel the same. And I&#39;m worried I won&#39;t ever do and that hurts me because I want to feel the same as him and I don&#39;t want to break his heart. I also feel like I wouldn&#39;t find anyone as understanding and caring again. Why can&#39;t I just be happy with what I&#39;ve got??? </p><p>All of this is leading me to not be able to eat because my mind won&#39;t let me, I have constant nervous butterflies in my stomach which are driving me insane and I just want to feel better. It&#39;s like a living hell. I&#39;m so scared of ending up like my mum and keep feeling out of control again like I have in the past. I have got through this before but this time it&#39;s so much worse and I&#39;m not sure how to get through it this time. </p><p>I feel like I&#39;ll never be able to have a relationship because of my anxieties. I never see myself with someone but at the same time I don&#39;t want to be alone forever. I wish that I could just be happy and enjoy life. I don&#39;t want to break up with my boyfriend but I feel it&#39;s the only way to lessen some of this anxiety. I know I&#39;d be sad without him too though. I just feel hopeless and wish I could stop the constant voice in my head questioning everything and making me feel like everything I do is wrong. </p>",16.  EMOTIONAL INHIBITION (EI),8,True
3OJX0UFJ0Z7Q42RH5QXDZ9STYC29UF,"Hey people. I have noticed that Im constantly angry and in bad mood. I feel like Im always angry and want revenge to people that hadnt given me attention that I needed from them.. its not only family thing, but people that i looked up to and some of my friends. I have a much anger, rage, fury in myself that i can explode.. i cry a lot...i sometimes imagine killing some people that hurt me... im so angry at people,not even sure why. I am psychicaly active and eat healthy. Whats wrong?",16.  EMOTIONAL INHIBITION (EI),5,True
3FULMHZ7OUX6UOGWFTA0RR0JZYLM44,My depressive episodes are really weird. They sometimes last around 2 weeks (my best guess is around 13-18 days but my most recent episode lasted a month and a half) and during this time it's absolutely horrible. I'm super suicidal during those weeks and I won't be able to stop crying (I would cry anywhere and everywhere). I also won't be able to stop SI'ing and I get super scared of myself because I think that I might actually take my life. It got super bad at one point where I started hearing and seeing things (happened to me last year; not that recent though) and it was almost like another part of me was haunting me and telling me to kiill myself.      While I'm not depressed I feel ok-ish sad but I'm no longer crying and it's not interfering with my daily life anymore. But with this 'sadness' I get a lot of anxiety. But then sometimes at moments my mood randomly drops to depression and that lasts about maybe 2-3 days or so (maybe a bit more). Then after all this I'm finally in a more stable mood.      also another thing I should mention is that at the times I am happy I know I'm going to crash (relapse) big time. (this happiness is not mania though; more so like a normal happy).      I think I should also state that sometimes my depression is triggered by something but sometimes not. Also sometimes my depression doesn't happen every month. My 3 depressive episodes I had were quite close together (maybe a month gap inbetween where I felt stable). Right now it's been 2 months since I felt stable so I know I'm going to relapse soon; I just don't know when. I'm trying to find a pattern but so far I havent really noticed anything other than the fact that it happens every few months.       So is this something i should be concerned about? or is this normal? Should i go and seek help? Thank you :),16.  EMOTIONAL INHIBITION (EI),5,True
3P6ENY9P79WEAHE09LWRTN26NUNHI5,"<p>I&#39;ve been &quot;plagued&quot; with this problem for at least a year now, and it seems to be getting progressively worse. I feel like I have lost the ability to communicate with people. Sure, I can make small talk about the weather and stuff like that, but I feel like I&#39;ve lost my openness, social skills, and humor with people. I figure I am changing and learning new things about myself, but this is getting ridiculous because it is affecting my social life drastically.</p><p></p><p>Whenever I get into a conversation with someone, either on the phone or in person, I become flustered. I have a problem with eye contact and I become very hot and sometimes I get extreme anxiety. Worst of all, my mind seems to be blank all the time and I can&#39;t get past small talk (even with my friends). I put a lot of pressure on myself when it comes to maintaining eye contact and continuing a conversation, but this pressure seems to fluster me more. I also seem to notice long pauses in conversation which I interpret as moments of awkwardness. and my body/facial expression is awful, it looks like I&#39;ve experienced both of the world wars over and over again. And my voice sounds the same all the time doesn&#39;t matter which situation I&#39;m in. It sounds &quot;boring&quot;.</p><p></p><p>My symptoms</p><p>-Depression</p><p>-Anxiety</p><p>-Massive hair loss</p><p>-Tired all the time</p><p>-Sleeping 12-24 hours and still feel tired</p><p>-[b]Suicidal[/b]. But that&#39;s not an option since I got too much empathy</p><p>-Hearing loss (Had perfect hearing now I struggle to hear where the sound comes from and understand people when they are talking)&#160;</p><p>-Vision loss (Had perfect vision)</p><p>-Low confidence</p><p>-Low social skills, almost none</p><p>-Scared that I won&#39;t get better</p><p>-Social anxiety</p><p>-Low mood</p><p>-Stress</p><p>-Cant focus</p><p>-Slurred speech</p><p>-Blank mind under conversation</p><p>-Memory loss (Cant remember how I used to be )</p><p>-Loss of appetite</p><p></p><p>I have problems with my speech. Its slurred, unsteady and sometimes quieter than it used to be. I find it difficult to start talking, taking my turn to speak, following fast-changing topics and interrupting conversations is hard. And I find it difficult getting my thoughts together quickly enough to follow a fast conversation, so I end up giving minimal responses. Taking lead in a conversation is extremely hard which makes me do mistakes, for example, miss placing words, saying them wrong, saying something that wasn&#39;t indented to say, slurred speech, low voice. And I find it difficult expression myself, in a situation where I&#39;m emotional and need to respond quickly to follow up on a conversation, sometimes only noises are coming out or nothing &quot;blank mind&quot;.</p><p></p><p>And I&#39;ve started to talk to myself every day, feels like I&#39;m going crazy, constantly fighting myself, self-harming every day and I&#39;m not talking about cutting. I&#39;ve learned that u haven&#39;t experienced hate before you hate yourself. I keep asking myself whats wrong with me, what happened, why me, I cant do this anymore, end this, please. But like I said earlier, [b]suicide[/b] isn&#39;t an option, too much empathy. Which is weird because in my mind I don&#39;t have friends/family that cares about me, and I know that&#39;s not true, but I can&#39;t prove that to myself.</p><p></p><p>I&#39;ve tried to search it up and find a solution, but there are so many disorders/sicknesses out there with the same symptoms. Which makes it impossible to pinpoint which one I have since I&#39;m not a Doctor/Psychiatrist/Neurologist.&#160;</p><p></p><p>I realize that I have nothing to prove to anyone, but this problem still persists. I used to be very social before and now I am not. So what must I do to get through this? I figure, I&#39;ll just deal with it and it will go away, but it&#39;s been going on for too long. What do I have to do to fix this?</p>",16.  EMOTIONAL INHIBITION (EI),6,True
3Q9SPIIRWJMH1PQRSWQEDSOAPAVWAG,"Hi all - I cannot afford therapy and need somewhere to air out my feelings and circumstances.   I've suffered from social anxiety quite severely since I was a teenager. It's only in the past few years that it's gotten in the way of work, friendships and relationships.   I'm currently in a fresh relationship (7 months in roughly) with an absolute angel of a person. For such a young relationship, he has had to deal with my alcohol dependency (because of anxiety), my extreme mood swings and general depression. I've left 3 amazing jobs since the start of the year due to not being able to function in a normal social setting. Hell, I can't even go into a shopping centre without almost having a panic attack. Anyway, the main reason I'm here is because my partner has quite simply had enough of me, and told me that I've ""broken him"". He had a spout of anger this morning and punched one of his computer monitors, which was awful to see because he is not an angry person... but I managed to bring it out of him with the way I've been towards him. My anxiety has also led to paranoia, for example, I assume the absolute worst of him and accuse him of things he hasn't and would never do. Due to lack of work, he has been supporting me a lot financially too and he's beginning to struggle. He also caught me hiding alcohol from him after I said I had quit... which really hurt him because of the fact I lied.   What I'm trying to say is that I don't know what to do. I do currently have a job but I've called in sick because of anxiety 3 times over the 3 weeks I've been employed there and I don't know how much longer they're going to tolerate that. I would absolutely appreciate any advice! I need to get my life in order and stop worrying about what other people think of me in social settings and learn to relax... I just don't know how. I can't keep relying on alcohol. The most frustrating thing is that by nature I'm very bubbly and confident, but I'm losing myself.   Thank you in advance to anyone who responds and I hope you're having a wonderful day.",16.  EMOTIONAL INHIBITION (EI),6,True
3DGDV62G7O92CDYM3VJ4FGXGKP0P27,"I have been feeling progressively more and more down over the past few months. As I do with all bad experiences or moments in my life, I don't deal with them but brush them aside instead and block them out. However, this time I can't... because it is not one thing that is wrong exactly... it's reems and reems of tiny things. After recently breaking down under the unfluence of alcohol I started to realise how deep these emotions may be and that I find it difficult to get anyone to understand me (even my Mother and partner). This has lead me to anger and driving people away.      I know I need to seek medical help/therapy but I'm only just breaking the  surface. I feel so isolated, angry, lost, alone, self-blaming, non-progressive, numb and constantly on the verge of tears... it has been really hard to write even this glipse into my emotions. I don't know what to do - I don't feel ready to talk to anyone yet. Should I read self-help books?      Any responses are hugely appreciated.",16.  EMOTIONAL INHIBITION (EI),7,True
3VW0145YLYCWX6ZHI0X4XTP2HVBJMS,"Hi,  I would love some advice as I feel as though my friends are sick of my mood swings and don’t understand what I am trying to say. I promise this isn’t just me ranting about my non-existent love life.  A guy I like recently added me on fb and started messaging. From the times that I have met him in person I’ve been incredibly drawn to him and he seems like such a kind guy, but, I started to freak out. Getting messages from him was amplifying my anxiety, I was getting chest tightness, nausea and losing my appetite, going nights without meals because I couldn’t stomach it, but I still wanted to talk to him.  I ended up asking him what his intentions were and said I wasn’t ready for a relationship as I currently have just started seeking a psych for previous sexual assault and have had bad experiences with obsessive men (I did not disclose these details to him, rather that I had been just having bad anxiety due to previous experiences and that wanted to clear the air so this wouldn’t blow up in my face again) and I thought he would be understanding. Instead he left my messages on read and removed me as a friend on fb because I had essentially ‘rejected him’.  I received a message from him today saying that I was ‘too rough’ and he didn’t want to be the ‘cause of anxiety or drama’.  This really hurt because I was hoping to talk things through with him, that he would be understanding. I didn’t want to stop speaking to him I just wanted to make sure we were on the same page about not being interested in relationships. He is a health professional (this is how we first met) so I thought he would be more empathetic?  It’s made me feel so shitty about myself. I’m embarrassed and I feel so low, not to mention my anxiety is still how it was when I was talking to him. I dont know what I’d do if I see him at work and I just feel so crushed and worthless. None of my friends understand because I ‘barely’ knew him but I think what has me upset most is that this will always happen. The reason I am so weary is because I boy in high school I said I just wanted to be friends with ended up threatening to kill himself “because of me” and blamed me for wanting to die. I didn’t want to lead this guy into thinking I like him (which I do) but turn around as I got to know him and realise I don’t, and then have him follow the same pattern.  I dont know if posting in this forum is even the right place to post this but I didn’t know what else to do. Please let me know what you think",16.  EMOTIONAL INHIBITION (EI),5,True
3P4ZBJFX2V3CXG7Z3CC6RTZ1MQ8WFT,"<p>I feel hopeless and it&#39;s slowly killing me. I get so angry at tiny things sometimes and some other times I feel so completely empty. I&#39;m not skinny enough I&#39;m not good enough and I&#39;m sick of all this I&#39;m sick of having to wear long sleeves in the summer and people asking me why. Sometimes I feel every emotion mixed with feeling nothing and I cry for hours without knowing why. Everything&#39;s collapsing around me and I feel like it&#39;s never going to get better. I&#39;m always terrified in public I can&#39;t talk to my form without breaking down I&#39;m so self conscious about even the way I breath, I panic so much and I&#39;m sick of faking smiles. I want help. I haven&#39;t told my parents.. they think I&#39;m just a normal child a happy child but I flip out at them and they get mad at me and we argue a lot. I can&#39;t tell my family I really can&#39;t. What do I do?! Someone please help me I need help.</p>",16.  EMOTIONAL INHIBITION (EI),6,True
33CLA8O0MIB7PKQD4I204URKUBTRFL,"Well guys, I feel lucky to have found this site. First of all sorry If I make mistakes, English is not my main language. Well I just don't think I still have fight in me... Well I'm not a freak, I'm a normal person, I hang out with people, I go to college, Im with people, I date... But the thing is I'm not comfortable in my own skin. I always feel like I'm doing something wrong or look wrong. It's like I'm feeling what the other person thinks of me and It makes me feel uncomfortable. I was thinking If it is maybe my parents fault... But I don't wanna rush with conclusions.. I am gay btw, and since I was little I gestured and had somewhat gay manners and they were always like: Don't gesture like a girl, walk straight like a man, do this and do that. And my mom was always comparing me with my cousin.. Like I was less of a person than my cousin was. Not saying that my mom is a horrible person, I know she loves me... They don't know Im gay and they are not gay friendly but well that's it. But I think some of the things she did wrong while I was a kid stuck with me, and as a result I'm a very shy and closed person sometimes, well most of the time. I hate myself sometimes that I get embarassed from common situations, and I hate myself that I don't always say my opinion, It suffocates me... I can't get naked in front of someone because I get self conscious. I'm 22 years old and I don't know who I am... Im different when Im with my family and different with other people. I'm just not acting like my natural self ever. It hurts me and sometimes I just feel tired and lay in the bed for hours without any life energy... I am frustrated about the way I look, I've never looked myself in the mirror and said: Wow you are beautiful... I only see flaws...I've tried meditating, but sometimes that frustrates me... I wanted to take pills or something for my depression... I just wanted to share my story...I dunno..",16.  EMOTIONAL INHIBITION (EI),7,True
